timestamp,action,price,pnl
2020-01-02 10:20:00+05:30,BUY,1943.55,0.0
2020-01-02 15:15:00+05:30,SELL,1938.85,-161.0
2020-01-08 14:20:00+05:30,BUY,1923.8,0.0
2020-01-08 15:15:00+05:30,SELL,1930.5,181.0
2020-01-09 13:20:00+05:30,BUY,1939.55,0.0
2020-01-09 15:15:00+05:30,SELL,1934.95,-158.0
2020-01-10 09:35:00+05:30,BUY,1937.3,0.0
2020-01-10 13:40:00+05:30,SELL,1944.25,188.5
2020-01-10 13:55:00+05:30,BUY,1948.75,0.0
2020-01-10 15:15:00+05:30,SELL,1956.6,215.5
2020-01-13 13:35:00+05:30,BUY,1987.4,0.0
2020-01-13 15:15:00+05:30,SELL,1993.35,158.5
2020-01-14 10:05:00+05:30,BUY,1992.7,0.0
2020-01-14 10:30:00+05:30,SELL,2005.0,349.0
2020-01-15 11:55:00+05:30,BUY,2002.95,0.0
2020-01-15 14:15:00+05:30,SELL,2010.3,200.5
2020-01-16 11:05:00+05:30,BUY,2040.0,0.0
2020-01-16 15:15:00+05:30,SELL,2047.05,191.5
2020-01-17 09:35:00+05:30,BUY,2050.45,0.0
2020-01-17 09:55:00+05:30,SELL,2059.95,265.0
2020-01-17 11:25:00+05:30,BUY,2058.45,0.0
2020-01-17 15:15:00+05:30,SELL,2062.2,92.5
2020-01-20 12:20:00+05:30,BUY,2057.7,0.0
2020-01-20 15:15:00+05:30,SELL,2062.1,112.0
2020-01-21 09:50:00+05:30,BUY,2065.0,0.0
2020-01-21 15:15:00+05:30,SELL,2053.4,-368.0
2020-01-22 12:20:00+05:30,BUY,2043.8,0.0
2020-01-22 12:50:00+05:30,SELL,2051.75,218.5
2020-01-22 13:40:00+05:30,BUY,2052.55,0.0
2020-01-22 14:25:00+05:30,SELL,2040.75,-374.0
2020-01-23 12:35:00+05:30,BUY,2045.05,0.0
2020-01-23 14:00:00+05:30,SELL,2045.25,-14.0
2020-01-23 14:05:00+05:30,BUY,2047.5,0.0
2020-01-23 15:15:00+05:30,SELL,2054.05,176.5
2020-01-24 11:20:00+05:30,BUY,2071.65,0.0
2020-01-24 15:15:00+05:30,SELL,2073.0,20.5
2020-01-28 10:55:00+05:30,BUY,2057.0,0.0
2020-01-28 12:20:00+05:30,SELL,2063.65,179.5
2020-01-28 12:45:00+05:30,BUY,2057.9,0.0
2020-01-28 15:15:00+05:30,SELL,2061.25,80.5
2020-01-30 14:25:00+05:30,BUY,2065.5,0.0
2020-01-30 15:15:00+05:30,SELL,2062.0,-125.0
2020-02-03 13:25:00+05:30,BUY,2178.65,0.0
2020-02-03 15:15:00+05:30,SELL,2175.05,-128.0
2020-02-07 14:05:00+05:30,BUY,2153.0,0.0
2020-02-07 15:15:00+05:30,SELL,2161.2,226.0
2020-02-10 09:40:00+05:30,BUY,2161.5,0.0
2020-02-10 10:55:00+05:30,SELL,2166.3,124.0
2020-02-12 14:25:00+05:30,BUY,2264.85,0.0
2020-02-12 15:15:00+05:30,SELL,2261.1,-132.5
2020-02-13 11:30:00+05:30,BUY,2266.35,0.0
2020-02-13 13:30:00+05:30,SELL,2276.85,295.0
2020-02-13 14:00:00+05:30,BUY,2271.5,0.0
2020-02-13 15:15:00+05:30,SELL,2285.35,395.5
2020-02-14 10:20:00+05:30,BUY,2284.1,0.0
2020-02-14 10:25:00+05:30,SELL,2294.7,298.0
2020-02-19 13:55:00+05:30,BUY,2291.25,0.0
2020-02-19 15:15:00+05:30,SELL,2291.85,-2.0
2020-03-02 10:15:00+05:30,BUY,2190.65,0.0
2020-03-02 12:35:00+05:30,SELL,2192.35,31.0
2020-03-04 09:35:00+05:30,BUY,2176.45,0.0
2020-03-04 10:25:00+05:30,SELL,2162.1,-450.5
2020-03-04 14:10:00+05:30,BUY,2164.5,0.0
2020-03-04 15:15:00+05:30,SELL,2171.7,196.0
2020-03-05 12:35:00+05:30,BUY,2245.65,0.0
2020-03-05 13:25:00+05:30,SELL,2233.95,-371.0
2020-03-13 13:55:00+05:30,BUY,2077.0,0.0
2020-03-13 14:15:00+05:30,SELL,2064.05,-408.5
2020-03-16 13:15:00+05:30,BUY,1998.0,0.0
2020-03-16 13:40:00+05:30,SELL,1987.05,-348.5
2020-03-16 13:50:00+05:30,BUY,1997.3,0.0
2020-03-16 14:00:00+05:30,SELL,1986.0,-359.0
2020-03-17 14:15:00+05:30,BUY,2072.15,0.0
2020-03-17 14:20:00+05:30,SELL,2060.55,-368.0
2020-03-18 10:20:00+05:30,BUY,2055.0,0.0
2020-03-18 10:25:00+05:30,SELL,2043.1,-377.0
2020-03-18 10:35:00+05:30,BUY,2042.65,0.0
2020-03-18 11:05:00+05:30,SELL,2024.25,-572.0
2020-03-23 14:05:00+05:30,BUY,1911.95,0.0
2020-03-23 15:15:00+05:30,SELL,1871.75,-1226.0
2020-03-24 12:55:00+05:30,BUY,2012.95,0.0
2020-03-24 14:20:00+05:30,SELL,2061.75,1444.0
2020-03-25 11:25:00+05:30,BUY,2059.35,0.0
2020-03-25 11:50:00+05:30,SELL,2115.65,1669.0
2020-03-26 09:50:00+05:30,BUY,2113.45,0.0
2020-03-26 10:25:00+05:30,SELL,2101.95,-365.0
2020-03-26 12:45:00+05:30,BUY,2095.05,0.0
2020-03-26 13:35:00+05:30,SELL,2131.15,1063.0
2020-03-27 10:15:00+05:30,BUY,2224.35,0.0
2020-03-27 10:25:00+05:30,SELL,2208.15,-506.0
2020-03-30 11:30:00+05:30,BUY,2180.25,0.0
2020-03-30 11:55:00+05:30,SELL,2163.0,-537.5
2020-03-30 13:10:00+05:30,BUY,2172.25,0.0
2020-03-30 15:15:00+05:30,SELL,2185.45,376.0
2020-04-03 09:40:00+05:30,BUY,2197.05,0.0
2020-04-03 09:50:00+05:30,SELL,2180.1,-528.5
2020-04-03 12:55:00+05:30,BUY,2174.95,0.0
2020-04-03 14:15:00+05:30,SELL,2176.65,31.0
2020-04-21 09:30:00+05:30,BUY,2351.45,0.0
2020-04-21 09:35:00+05:30,SELL,2374.9,683.5
2020-04-21 10:45:00+05:30,BUY,2358.8,0.0
2020-04-21 11:10:00+05:30,SELL,2343.9,-467.0
2020-04-22 13:45:00+05:30,BUY,2353.95,0.0
2020-04-22 15:15:00+05:30,SELL,2387.75,994.0
2020-04-23 09:25:00+05:30,BUY,2391.95,0.0
2020-04-23 10:55:00+05:30,SELL,2379.0,-408.5
2020-04-27 10:35:00+05:30,BUY,2301.4,0.0
2020-04-27 10:55:00+05:30,SELL,2287.9,-425.0
2020-04-27 11:50:00+05:30,BUY,2303.9,0.0
2020-04-27 15:15:00+05:30,SELL,2319.0,433.0
2020-05-07 11:55:00+05:30,BUY,1988.95,0.0
2020-05-07 13:25:00+05:30,SELL,1990.25,19.0
2020-05-08 11:00:00+05:30,BUY,2044.4,0.0
2020-05-08 12:25:00+05:30,SELL,2045.65,17.5
2020-05-13 09:50:00+05:30,BUY,2018.45,0.0
2020-05-13 10:20:00+05:30,SELL,2006.4,-381.5
2020-05-13 11:50:00+05:30,BUY,2018.5,0.0
2020-05-13 12:55:00+05:30,SELL,2007.85,-339.5
2020-05-15 10:05:00+05:30,BUY,2010.75,0.0
2020-05-15 12:35:00+05:30,SELL,2026.0,437.5
2020-05-15 13:30:00+05:30,BUY,2022.85,0.0
2020-05-15 15:15:00+05:30,SELL,2033.9,311.5
2020-05-18 14:20:00+05:30,BUY,2009.65,0.0
2020-05-18 15:15:00+05:30,SELL,2002.2,-243.5
2020-05-19 09:35:00+05:30,BUY,2012.95,0.0
2020-05-19 10:05:00+05:30,SELL,1999.05,-437.0
2020-05-20 14:05:00+05:30,BUY,1992.2,0.0
2020-05-20 15:15:00+05:30,SELL,1989.3,-107.0
2020-05-22 11:30:00+05:30,BUY,1974.5,0.0
2020-05-22 14:15:00+05:30,SELL,1990.1,448.0
2020-05-28 14:20:00+05:30,BUY,2006.1,0.0
2020-05-28 15:15:00+05:30,SELL,2010.0,97.0
2020-05-29 10:00:00+05:30,BUY,2013.0,0.0
2020-05-29 12:40:00+05:30,SELL,2024.8,334.0
2020-06-01 11:50:00+05:30,BUY,2107.5,0.0
2020-06-01 13:05:00+05:30,SELL,2132.0,715.0
2020-06-03 13:25:00+05:30,BUY,2124.0,0.0
2020-06-03 14:00:00+05:30,SELL,2136.95,368.5
2020-06-04 13:20:00+05:30,BUY,2118.35,0.0
2020-06-04 15:15:00+05:30,SELL,2124.6,167.5
2020-06-08 09:35:00+05:30,BUY,2095.0,0.0
2020-06-08 10:00:00+05:30,SELL,2084.0,-350.0
2020-06-08 11:35:00+05:30,BUY,2091.45,0.0
2020-06-08 15:15:00+05:30,SELL,2112.9,623.5
2020-06-10 12:05:00+05:30,BUY,2125.0,0.0
2020-06-10 15:15:00+05:30,SELL,2125.4,-8.0
2020-06-11 09:55:00+05:30,BUY,2126.8,0.0
2020-06-11 11:30:00+05:30,SELL,2115.0,-374.0
2020-06-11 12:55:00+05:30,BUY,2123.9,0.0
2020-06-11 14:20:00+05:30,SELL,2110.1,-434.0
2020-06-12 12:20:00+05:30,BUY,2102.8,0.0
2020-06-12 15:15:00+05:30,SELL,2106.35,86.5
2020-06-15 09:35:00+05:30,BUY,2112.25,0.0
2020-06-15 10:25:00+05:30,SELL,2099.0,-417.5
2020-06-16 10:25:00+05:30,BUY,2099.9,0.0
2020-06-16 12:15:00+05:30,SELL,2088.0,-377.0
2020-06-17 13:40:00+05:30,BUY,2089.15,0.0
2020-06-17 15:15:00+05:30,SELL,2077.15,-380.0
2020-06-19 10:05:00+05:30,BUY,2072.7,0.0
2020-06-19 11:20:00+05:30,SELL,2061.5,-356.0
2020-06-19 12:35:00+05:30,BUY,2069.0,0.0
2020-06-19 15:15:00+05:30,SELL,2093.85,725.5
2020-06-22 10:35:00+05:30,BUY,2097.0,0.0
2020-06-22 13:25:00+05:30,SELL,2101.0,100.0
2020-06-22 13:30:00+05:30,BUY,2103.2,0.0
2020-06-22 15:15:00+05:30,SELL,2100.0,-116.0
2020-06-23 12:55:00+05:30,BUY,2156.2,0.0
2020-06-23 15:15:00+05:30,SELL,2155.05,-54.5
2020-06-25 10:30:00+05:30,BUY,2143.45,0.0
2020-06-25 12:40:00+05:30,SELL,2124.2,-597.5
2020-06-26 09:30:00+05:30,BUY,2164.1,0.0
2020-06-26 09:50:00+05:30,SELL,2150.2,-437.0
2020-06-26 12:45:00+05:30,BUY,2153.0,0.0
2020-06-26 15:15:00+05:30,SELL,2154.3,19.0
2020-06-29 09:50:00+05:30,BUY,2164.5,0.0
2020-06-29 10:35:00+05:30,SELL,2185.45,608.5
2020-06-29 12:15:00+05:30,BUY,2185.8,0.0
2020-06-29 15:15:00+05:30,SELL,2182.1,-131.0
2020-06-30 09:50:00+05:30,BUY,2187.5,0.0
2020-06-30 10:05:00+05:30,SELL,2176.3,-356.0
2020-06-30 13:30:00+05:30,BUY,2182.65,0.0
2020-06-30 15:15:00+05:30,SELL,2179.35,-119.0
2020-07-01 13:25:00+05:30,BUY,2174.65,0.0
2020-07-01 13:45:00+05:30,SELL,2162.05,-398.0
2020-07-03 12:10:00+05:30,BUY,2170.95,0.0
2020-07-03 15:15:00+05:30,SELL,2175.4,113.5
2020-07-06 14:10:00+05:30,BUY,2163.05,0.0
2020-07-06 15:15:00+05:30,SELL,2161.8,-57.5
2020-07-10 09:45:00+05:30,BUY,2185.1,0.0
2020-07-10 13:25:00+05:30,SELL,2210.6,745.0
2020-07-10 14:25:00+05:30,BUY,2207.0,0.0
2020-07-10 15:15:00+05:30,SELL,2225.25,527.5
2020-07-13 11:50:00+05:30,BUY,2260.7,0.0
2020-07-13 13:45:00+05:30,SELL,2261.0,-11.0
2020-07-14 12:55:00+05:30,BUY,2253.0,0.0
2020-07-14 13:25:00+05:30,SELL,2238.0,-470.0
2020-07-15 12:30:00+05:30,BUY,2272.5,0.0
2020-07-15 14:25:00+05:30,SELL,2274.95,53.5
2020-07-20 12:25:00+05:30,BUY,2318.05,0.0
2020-07-20 13:40:00+05:30,SELL,2334.0,458.5
2020-07-24 13:50:00+05:30,BUY,2198.15,0.0
2020-07-24 14:10:00+05:30,SELL,2214.0,455.5
2020-07-27 11:40:00+05:30,BUY,2206.95,0.0
2020-07-27 12:00:00+05:30,SELL,2223.9,488.5
2020-07-27 14:15:00+05:30,BUY,2222.05,0.0
2020-07-27 15:15:00+05:30,SELL,2221.0,-51.5
2020-07-28 11:20:00+05:30,BUY,2230.0,0.0
2020-07-28 13:20:00+05:30,SELL,2234.3,109.0
2020-07-29 09:25:00+05:30,BUY,2243.8,0.0
2020-07-29 09:30:00+05:30,SELL,2252.85,251.5
2020-07-29 09:45:00+05:30,BUY,2242.0,0.0
2020-07-29 10:00:00+05:30,SELL,2227.6,-452.0
2020-08-03 11:45:00+05:30,BUY,2211.5,0.0
2020-08-03 15:15:00+05:30,SELL,2207.4,-143.0
2020-08-04 13:00:00+05:30,BUY,2209.95,0.0
2020-08-04 13:25:00+05:30,SELL,2197.4,-396.5
2020-08-06 13:10:00+05:30,BUY,2223.7,0.0
2020-08-06 14:15:00+05:30,SELL,2212.55,-354.5
2020-08-07 10:25:00+05:30,BUY,2221.6,0.0
2020-08-07 13:20:00+05:30,SELL,2224.1,55.0
2020-08-07 13:55:00+05:30,BUY,2227.35,0.0
2020-08-07 15:15:00+05:30,SELL,2207.0,-630.5
2020-08-11 10:15:00+05:30,BUY,2212.0,0.0
2020-08-11 11:15:00+05:30,SELL,2212.9,7.0
2020-08-11 12:10:00+05:30,BUY,2219.6,0.0
2020-08-11 12:45:00+05:30,SELL,2232.05,353.5
2020-08-13 09:55:00+05:30,BUY,2205.8,0.0
2020-08-13 11:40:00+05:30,SELL,2194.65,-354.5
2020-08-13 14:15:00+05:30,BUY,2197.3,0.0
2020-08-13 15:15:00+05:30,SELL,2198.55,17.5
2020-08-14 10:25:00+05:30,BUY,2206.3,0.0
2020-08-14 13:45:00+05:30,SELL,2192.4,-437.0
2020-08-17 11:55:00+05:30,BUY,2182.65,0.0
2020-08-17 15:15:00+05:30,SELL,2197.0,410.5
2020-08-18 10:40:00+05:30,BUY,2197.0,0.0
2020-08-18 13:15:00+05:30,SELL,2210.0,370.0
2020-08-19 10:50:00+05:30,BUY,2210.25,0.0
2020-08-19 15:15:00+05:30,SELL,2193.05,-536.0
2020-08-21 11:45:00+05:30,BUY,2198.55,0.0
2020-08-21 13:35:00+05:30,SELL,2199.5,8.5
2020-08-21 13:40:00+05:30,BUY,2205.0,0.0
2020-08-21 14:15:00+05:30,SELL,2208.1,73.0
2020-08-24 12:10:00+05:30,BUY,2198.75,0.0
2020-08-24 15:15:00+05:30,SELL,2194.0,-162.5
2020-08-26 14:05:00+05:30,BUY,2175.7,0.0
2020-08-26 15:15:00+05:30,SELL,2185.1,262.0
2020-08-27 12:25:00+05:30,BUY,2174.35,0.0
2020-08-27 15:15:00+05:30,SELL,2170.4,-138.5
2020-09-01 12:30:00+05:30,BUY,2139.65,0.0
2020-09-01 15:15:00+05:30,SELL,2166.95,799.0
2020-09-07 12:50:00+05:30,BUY,2167.0,0.0
2020-09-07 13:30:00+05:30,SELL,2156.0,-350.0
2020-09-07 14:05:00+05:30,BUY,2165.0,0.0
2020-09-07 15:15:00+05:30,SELL,2163.1,-77.0
2020-09-08 10:20:00+05:30,BUY,2160.7,0.0
2020-09-08 15:15:00+05:30,SELL,2137.0,-731.0
2020-09-09 13:50:00+05:30,BUY,2140.0,0.0
2020-09-09 15:15:00+05:30,SELL,2130.35,-309.5
2020-09-10 13:15:00+05:30,BUY,2128.7,0.0
2020-09-10 15:15:00+05:30,SELL,2135.5,184.0
2020-09-11 11:20:00+05:30,BUY,2151.2,0.0
2020-09-11 15:15:00+05:30,SELL,2160.2,250.0
2020-09-15 13:15:00+05:30,BUY,2125.85,0.0
2020-09-15 15:15:00+05:30,SELL,2125.0,-45.5
2020-09-16 13:30:00+05:30,BUY,2140.85,0.0
2020-09-16 15:15:00+05:30,SELL,2143.2,50.5
2020-09-23 12:10:00+05:30,BUY,2042.4,0.0
2020-09-23 15:15:00+05:30,SELL,2050.85,233.5
2020-09-24 10:45:00+05:30,BUY,2045.45,0.0
2020-09-24 11:25:00+05:30,SELL,2070.0,716.5
2020-09-24 13:10:00+05:30,BUY,2060.9,0.0
2020-09-24 13:55:00+05:30,SELL,2071.8,307.0
2020-09-25 11:55:00+05:30,BUY,2101.05,0.0
2020-09-25 14:05:00+05:30,SELL,2090.1,-348.5
2020-09-29 12:55:00+05:30,BUY,2058.95,0.0
2020-09-29 15:15:00+05:30,SELL,2031.95,-830.0
2020-09-30 14:05:00+05:30,BUY,2088.6,0.0
2020-09-30 15:15:00+05:30,SELL,2063.55,-771.5
2020-10-01 10:00:00+05:30,BUY,2085.0,0.0
2020-10-01 11:45:00+05:30,SELL,2096.95,338.5
2020-10-07 14:20:00+05:30,BUY,2139.75,0.0
2020-10-07 15:15:00+05:30,SELL,2139.1,-39.5
2020-10-08 12:25:00+05:30,BUY,2160.0,0.0
2020-10-08 15:15:00+05:30,SELL,2164.35,110.5
2020-10-12 13:20:00+05:30,BUY,2136.9,0.0
2020-10-12 15:15:00+05:30,SELL,2139.7,64.0
2020-10-13 10:50:00+05:30,BUY,2144.85,0.0
2020-10-13 12:35:00+05:30,SELL,2134.1,-342.5
2020-10-13 14:10:00+05:30,BUY,2139.5,0.0
2020-10-13 15:15:00+05:30,SELL,2139.4,-23.0
2020-10-14 11:25:00+05:30,BUY,2146.55,0.0
2020-10-14 15:15:00+05:30,SELL,2159.25,361.0
2020-10-15 09:55:00+05:30,BUY,2156.85,0.0
2020-10-15 11:00:00+05:30,SELL,2173.9,491.5
2020-10-16 09:30:00+05:30,BUY,2165.25,0.0
2020-10-16 09:50:00+05:30,SELL,2154.0,-357.5
2020-10-16 12:00:00+05:30,BUY,2164.2,0.0
2020-10-16 13:45:00+05:30,SELL,2153.25,-348.5
2020-10-19 10:30:00+05:30,BUY,2162.45,0.0
2020-10-19 13:45:00+05:30,SELL,2171.0,236.5
2020-10-22 12:45:00+05:30,BUY,2170.1,0.0
2020-10-22 12:55:00+05:30,SELL,2182.1,340.0
2020-10-22 13:35:00+05:30,BUY,2169.7,0.0
2020-10-22 15:15:00+05:30,SELL,2182.6,367.0
2020-10-23 09:30:00+05:30,BUY,2178.95,0.0
2020-10-23 09:50:00+05:30,SELL,2163.0,-498.5
2020-10-26 09:40:00+05:30,BUY,2153.5,0.0
2020-10-26 14:00:00+05:30,SELL,2154.6,13.0
2020-10-27 12:10:00+05:30,BUY,2184.55,0.0
2020-10-27 13:30:00+05:30,SELL,2172.4,-384.5
2020-10-28 13:50:00+05:30,BUY,2160.0,0.0
2020-10-28 15:15:00+05:30,SELL,2167.0,190.0
2020-11-02 14:10:00+05:30,BUY,2072.95,0.0
2020-11-02 15:15:00+05:30,SELL,2072.85,-23.0
2020-11-05 13:10:00+05:30,BUY,2107.65,0.0
2020-11-05 15:15:00+05:30,SELL,2104.0,-129.5
2020-11-06 12:10:00+05:30,BUY,2110.05,0.0
2020-11-06 13:20:00+05:30,SELL,2097.1,-408.5
2020-11-09 11:10:00+05:30,BUY,2128.0,0.0
2020-11-09 11:40:00+05:30,SELL,2116.75,-357.5
2020-11-11 12:40:00+05:30,BUY,2123.8,0.0
2020-11-11 15:15:00+05:30,SELL,2130.0,166.0
2020-11-12 10:20:00+05:30,BUY,2145.3,0.0
2020-11-12 13:50:00+05:30,SELL,2164.65,560.5
2020-11-13 10:00:00+05:30,BUY,2194.5,0.0
2020-11-13 12:00:00+05:30,SELL,2203.0,235.0
2020-11-20 09:50:00+05:30,BUY,2137.0,0.0
2020-11-20 10:45:00+05:30,SELL,2123.05,-438.5
2020-11-24 10:15:00+05:30,BUY,2133.5,0.0
2020-11-24 12:20:00+05:30,SELL,2158.5,730.0
2020-11-24 13:50:00+05:30,BUY,2154.5,0.0
2020-11-24 15:15:00+05:30,SELL,2159.4,127.0
2020-11-25 09:50:00+05:30,BUY,2160.1,0.0
2020-11-25 10:10:00+05:30,SELL,2147.6,-395.0
2020-11-25 13:15:00+05:30,BUY,2150.6,0.0
2020-11-25 14:20:00+05:30,SELL,2139.05,-366.5
2020-11-26 14:05:00+05:30,BUY,2139.65,0.0
2020-11-26 15:15:00+05:30,SELL,2158.0,530.5
2020-11-27 13:00:00+05:30,BUY,2152.4,0.0
2020-11-27 15:15:00+05:30,SELL,2131.6,-644.0
2020-12-04 10:30:00+05:30,BUY,2138.2,0.0
2020-12-04 11:25:00+05:30,SELL,2151.95,392.5
2020-12-07 13:45:00+05:30,BUY,2242.3,0.0
2020-12-07 15:15:00+05:30,SELL,2256.95,419.5
2020-12-08 09:30:00+05:30,BUY,2259.15,0.0
2020-12-08 11:15:00+05:30,SELL,2247.55,-368.0
2020-12-08 13:50:00+05:30,BUY,2258.95,0.0
2020-12-08 15:15:00+05:30,SELL,2259.5,-3.5
2020-12-09 10:15:00+05:30,BUY,2266.4,0.0
2020-12-09 11:30:00+05:30,SELL,2275.95,266.5
2020-12-09 12:25:00+05:30,BUY,2274.0,0.0
2020-12-09 15:15:00+05:30,SELL,2294.0,580.0
2020-12-10 10:15:00+05:30,BUY,2294.5,0.0
2020-12-10 11:40:00+05:30,SELL,2309.9,442.0
2020-12-11 10:55:00+05:30,BUY,2367.5,0.0
2020-12-11 13:50:00+05:30,SELL,2353.05,-453.5
2020-12-14 09:55:00+05:30,BUY,2372.7,0.0
2020-12-14 10:55:00+05:30,SELL,2357.1,-488.0
2020-12-16 12:05:00+05:30,BUY,2343.0,0.0
2020-12-16 15:15:00+05:30,SELL,2343.0,-20.0
2020-12-21 09:45:00+05:30,BUY,2331.95,0.0
2020-12-21 11:50:00+05:30,SELL,2348.6,479.5
2020-12-22 14:05:00+05:30,BUY,2302.55,0.0
2020-12-22 15:15:00+05:30,SELL,2313.0,293.5
2020-12-23 09:30:00+05:30,BUY,2309.9,0.0
2020-12-23 12:15:00+05:30,SELL,2320.0,283.0
2020-12-23 12:50:00+05:30,BUY,2324.0,0.0
2020-12-23 15:15:00+05:30,SELL,2372.7,1441.0
2020-12-24 10:50:00+05:30,BUY,2385.0,0.0
2020-12-24 11:10:00+05:30,SELL,2373.0,-380.0
2020-12-24 12:15:00+05:30,BUY,2388.1,0.0
2020-12-24 15:15:00+05:30,SELL,2399.0,307.0
2020-12-31 12:45:00+05:30,BUY,2405.05,0.0
2020-12-31 13:15:00+05:30,SELL,2415.0,278.5
2021-01-04 13:25:00+05:30,BUY,2421.4,0.0
2021-01-04 15:15:00+05:30,SELL,2425.9,115.0
2021-01-05 09:25:00+05:30,BUY,2433.0,0.0
2021-01-05 10:20:00+05:30,SELL,2419.65,-420.5
2021-01-06 11:25:00+05:30,BUY,2434.0,0.0
2021-01-06 13:40:00+05:30,SELL,2416.0,-560.0
2021-01-08 10:10:00+05:30,BUY,2380.25,0.0
2021-01-08 10:40:00+05:30,SELL,2368.05,-386.0
2021-01-08 13:15:00+05:30,BUY,2372.1,0.0
2021-01-08 15:15:00+05:30,SELL,2395.0,667.0
2021-01-11 13:30:00+05:30,BUY,2432.85,0.0
2021-01-11 15:15:00+05:30,SELL,2433.65,4.0
2021-01-13 11:35:00+05:30,BUY,2389.0,0.0
2021-01-13 12:25:00+05:30,SELL,2375.9,-413.0
2021-01-14 11:40:00+05:30,BUY,2386.0,0.0
2021-01-14 15:15:00+05:30,SELL,2400.95,428.5
2021-01-18 13:30:00+05:30,BUY,2356.85,0.0
2021-01-18 15:15:00+05:30,SELL,2326.95,-917.0
2021-01-20 11:45:00+05:30,BUY,2365.15,0.0
2021-01-20 15:15:00+05:30,SELL,2355.9,-297.5
2021-01-21 09:50:00+05:30,BUY,2364.45,0.0
2021-01-21 11:00:00+05:30,SELL,2385.2,602.5
2021-01-21 12:30:00+05:30,BUY,2380.55,0.0
2021-01-21 13:10:00+05:30,SELL,2393.0,353.5
2021-01-22 13:05:00+05:30,BUY,2402.15,0.0
2021-01-22 14:20:00+05:30,SELL,2420.05,517.0
2021-01-25 11:50:00+05:30,BUY,2407.15,0.0
2021-01-25 13:40:00+05:30,SELL,2391.15,-500.0
2021-02-01 13:40:00+05:30,BUY,2268.0,0.0
2021-02-01 13:55:00+05:30,SELL,2256.3,-371.0
2021-02-03 09:25:00+05:30,BUY,2235.0,0.0
2021-02-03 09:50:00+05:30,SELL,2253.5,535.0
2021-02-03 10:30:00+05:30,BUY,2243.05,0.0
2021-02-03 12:45:00+05:30,SELL,2246.35,79.0
2021-02-05 10:20:00+05:30,BUY,2253.5,0.0
2021-02-05 12:25:00+05:30,SELL,2269.0,445.0
2021-02-05 13:20:00+05:30,BUY,2271.1,0.0
2021-02-05 15:15:00+05:30,SELL,2266.65,-153.5
2021-02-08 09:50:00+05:30,BUY,2274.1,0.0
2021-02-08 11:35:00+05:30,SELL,2262.05,-381.5
2021-02-09 10:05:00+05:30,BUY,2250.55,0.0
2021-02-09 10:50:00+05:30,SELL,2239.05,-365.0
2021-02-10 13:20:00+05:30,BUY,2227.3,0.0
2021-02-10 15:15:00+05:30,SELL,2238.15,305.5
2021-02-11 12:20:00+05:30,BUY,2255.2,0.0
2021-02-11 13:10:00+05:30,SELL,2262.75,206.5
2021-02-12 13:20:00+05:30,BUY,2257.4,0.0
2021-02-12 13:50:00+05:30,SELL,2245.5,-377.0
2021-02-15 10:20:00+05:30,BUY,2251.35,0.0
2021-02-15 13:45:00+05:30,SELL,2226.8,-756.5
2021-02-19 10:35:00+05:30,BUY,2176.1,0.0
2021-02-19 10:50:00+05:30,SELL,2165.0,-353.0
2021-02-23 11:30:00+05:30,BUY,2185.3,0.0
2021-02-23 15:15:00+05:30,SELL,2179.2,-203.0
2021-02-25 14:20:00+05:30,BUY,2166.7,0.0
2021-02-25 15:15:00+05:30,SELL,2162.15,-156.5
2021-02-26 09:25:00+05:30,BUY,2178.0,0.0
2021-02-26 09:30:00+05:30,SELL,2176.4,-68.0
2021-03-02 11:00:00+05:30,BUY,2157.0,0.0
2021-03-02 15:15:00+05:30,SELL,2180.5,685.0
2021-03-03 09:45:00+05:30,BUY,2179.4,0.0
2021-03-03 13:05:00+05:30,SELL,2195.25,455.5
2021-03-04 13:35:00+05:30,BUY,2189.55,0.0
2021-03-04 15:15:00+05:30,SELL,2195.75,166.0
2021-03-05 11:00:00+05:30,BUY,2196.5,0.0
2021-03-05 12:15:00+05:30,SELL,2197.75,17.5
2021-03-05 12:20:00+05:30,BUY,2199.0,0.0
2021-03-05 15:15:00+05:30,SELL,2202.05,71.5
2021-03-08 09:45:00+05:30,BUY,2207.7,0.0
2021-03-08 11:45:00+05:30,SELL,2193.0,-461.0
2021-03-12 11:25:00+05:30,BUY,2220.05,0.0
2021-03-12 15:15:00+05:30,SELL,2202.35,-551.0
2021-03-17 12:10:00+05:30,BUY,2238.65,0.0
2021-03-17 13:45:00+05:30,SELL,2239.1,-6.5
2021-03-18 11:30:00+05:30,BUY,2243.9,0.0
2021-03-18 13:25:00+05:30,SELL,2231.15,-402.5
2021-03-22 10:55:00+05:30,BUY,2325.05,0.0
2021-03-22 12:15:00+05:30,SELL,2309.6,-483.5
2021-03-22 12:25:00+05:30,BUY,2327.7,0.0
2021-03-22 13:40:00+05:30,SELL,2343.95,467.5
2021-03-23 10:10:00+05:30,BUY,2361.9,0.0
2021-03-23 14:25:00+05:30,SELL,2348.0,-437.0
2021-03-24 14:00:00+05:30,BUY,2342.8,0.0
2021-03-24 15:15:00+05:30,SELL,2317.1,-791.0
2021-03-26 13:40:00+05:30,BUY,2305.85,0.0
2021-03-26 14:15:00+05:30,SELL,2324.65,544.0
2021-03-30 14:00:00+05:30,BUY,2395.85,0.0
2021-03-30 15:15:00+05:30,SELL,2402.65,184.0
2021-04-06 14:20:00+05:30,BUY,2402.0,0.0
2021-04-06 15:15:00+05:30,SELL,2408.8,184.0
2021-04-08 11:15:00+05:30,BUY,2427.85,0.0
2021-04-08 12:00:00+05:30,SELL,2414.4,-423.5
2021-04-09 10:30:00+05:30,BUY,2457.8,0.0
2021-04-09 13:45:00+05:30,SELL,2460.6,64.0
2021-04-09 14:10:00+05:30,BUY,2475.0,0.0
2021-04-09 15:15:00+05:30,SELL,2477.2,46.0
2021-04-13 10:20:00+05:30,BUY,2477.0,0.0
2021-04-13 11:30:00+05:30,SELL,2463.0,-440.0
2021-04-27 14:25:00+05:30,BUY,2374.95,0.0
2021-04-27 15:15:00+05:30,SELL,2382.0,191.5
2021-05-03 14:10:00+05:30,BUY,2406.7,0.0
2021-05-03 15:15:00+05:30,SELL,2408.0,19.0
2021-05-04 12:25:00+05:30,BUY,2395.75,0.0
2021-05-04 14:10:00+05:30,SELL,2398.15,52.0
2021-05-06 09:50:00+05:30,BUY,2395.35,0.0
2021-05-06 10:40:00+05:30,SELL,2383.2,-384.5
2021-05-06 12:40:00+05:30,BUY,2388.0,0.0
2021-05-06 15:15:00+05:30,SELL,2393.0,130.0
2021-05-07 10:30:00+05:30,BUY,2409.95,0.0
2021-05-07 15:15:00+05:30,SELL,2411.05,13.0
2021-05-10 10:30:00+05:30,BUY,2424.6,0.0
2021-05-10 11:30:00+05:30,SELL,2443.0,532.0
2021-05-10 12:25:00+05:30,BUY,2437.2,0.0
2021-05-10 15:15:00+05:30,SELL,2432.2,-170.0
2021-05-14 10:15:00+05:30,BUY,2347.0,0.0
2021-05-14 11:20:00+05:30,SELL,2369.5,655.0
2021-05-14 12:10:00+05:30,BUY,2364.5,0.0
2021-05-14 15:15:00+05:30,SELL,2380.0,445.0
2021-05-19 13:15:00+05:30,BUY,2366.4,0.0
2021-05-19 15:15:00+05:30,SELL,2358.4,-260.0
2021-05-20 14:20:00+05:30,BUY,2355.7,0.0
2021-05-20 15:15:00+05:30,SELL,2345.05,-339.5
2021-05-21 09:50:00+05:30,BUY,2352.9,0.0
2021-05-21 14:20:00+05:30,SELL,2358.55,149.5
2021-05-25 11:25:00+05:30,BUY,2362.9,0.0
2021-05-25 13:00:00+05:30,SELL,2350.5,-392.0
2021-05-26 10:25:00+05:30,BUY,2353.0,0.0
2021-05-26 13:20:00+05:30,SELL,2366.7,391.0
2021-05-28 13:25:00+05:30,BUY,2331.9,0.0
2021-05-28 15:15:00+05:30,SELL,2321.75,-324.5
2021-05-31 13:20:00+05:30,BUY,2330.95,0.0
2021-05-31 15:15:00+05:30,SELL,2344.4,383.5
2021-06-01 10:20:00+05:30,BUY,2341.9,0.0
2021-06-01 14:10:00+05:30,SELL,2351.0,253.0
2021-06-02 11:10:00+05:30,BUY,2361.65,0.0
2021-06-02 15:15:00+05:30,SELL,2360.15,-65.0
2021-06-03 10:30:00+05:30,BUY,2357.15,0.0
2021-06-03 11:45:00+05:30,SELL,2357.75,-2.0
2021-06-07 09:30:00+05:30,BUY,2347.4,0.0
2021-06-07 12:50:00+05:30,SELL,2334.5,-407.0
2021-06-08 10:55:00+05:30,BUY,2349.9,0.0
2021-06-08 15:15:00+05:30,SELL,2360.0,283.0
2021-06-09 09:50:00+05:30,BUY,2359.95,0.0
2021-06-09 13:15:00+05:30,SELL,2347.0,-408.5
2021-06-10 12:00:00+05:30,BUY,2388.3,0.0
2021-06-10 13:40:00+05:30,SELL,2391.9,88.0
2021-06-14 13:35:00+05:30,BUY,2361.2,0.0
2021-06-14 15:15:00+05:30,SELL,2363.35,44.5
2021-06-15 10:50:00+05:30,BUY,2378.15,0.0
2021-06-15 13:55:00+05:30,SELL,2385.9,212.5
2021-06-16 13:40:00+05:30,BUY,2408.15,0.0
2021-06-16 14:25:00+05:30,SELL,2415.8,209.5
2021-06-17 11:05:00+05:30,BUY,2403.7,0.0
2021-06-17 12:50:00+05:30,SELL,2417.7,400.0
2021-06-17 14:05:00+05:30,BUY,2414.7,0.0
2021-06-17 15:15:00+05:30,SELL,2418.7,100.0
2021-06-18 09:45:00+05:30,BUY,2422.1,0.0
2021-06-18 11:55:00+05:30,SELL,2446.0,697.0
2021-06-21 10:55:00+05:30,BUY,2504.9,0.0
2021-06-21 14:00:00+05:30,SELL,2525.9,610.0
2021-06-23 14:25:00+05:30,BUY,2482.9,0.0
2021-06-23 15:15:00+05:30,SELL,2482.1,-44.0
2021-06-24 12:30:00+05:30,BUY,2494.8,0.0
2021-06-24 12:50:00+05:30,SELL,2480.95,-435.5
2021-06-28 13:40:00+05:30,BUY,2457.55,0.0
2021-06-28 15:15:00+05:30,SELL,2459.55,40.0
2021-06-30 09:45:00+05:30,BUY,2491.0,0.0
2021-06-30 13:05:00+05:30,SELL,2476.85,-444.5
2021-07-01 11:00:00+05:30,BUY,2474.8,0.0
2021-07-01 15:15:00+05:30,SELL,2478.5,91.0
2021-07-05 11:50:00+05:30,BUY,2505.5,0.0
2021-07-05 15:15:00+05:30,SELL,2501.9,-128.0
2021-07-06 11:50:00+05:30,BUY,2489.95,0.0
2021-07-06 13:00:00+05:30,SELL,2476.0,-438.5
2021-07-07 12:30:00+05:30,BUY,2480.5,0.0
2021-07-07 15:15:00+05:30,SELL,2481.85,20.5
2021-07-09 11:20:00+05:30,BUY,2452.65,0.0
2021-07-09 11:45:00+05:30,SELL,2463.45,304.0
2021-07-09 13:50:00+05:30,BUY,2455.15,0.0
2021-07-09 15:15:00+05:30,SELL,2450.4,-162.5
2021-07-13 13:05:00+05:30,BUY,2438.0,0.0
2021-07-13 15:15:00+05:30,SELL,2438.25,-12.5
2021-07-15 14:20:00+05:30,BUY,2407.9,0.0
2021-07-15 15:15:00+05:30,SELL,2415.0,193.0
2021-07-16 11:00:00+05:30,BUY,2422.0,0.0
2021-07-16 13:45:00+05:30,SELL,2409.6,-392.0
2021-07-19 13:10:00+05:30,BUY,2408.0,0.0
2021-07-19 15:15:00+05:30,SELL,2408.4,-8.0
2021-07-27 13:10:00+05:30,BUY,2345.7,0.0
2021-07-27 15:15:00+05:30,SELL,2340.0,-191.0
2021-08-03 13:40:00+05:30,BUY,2368.65,0.0
2021-08-03 14:05:00+05:30,SELL,2374.75,163.0
2021-08-04 09:30:00+05:30,BUY,2385.5,0.0
2021-08-04 11:45:00+05:30,SELL,2373.05,-393.5
2021-08-04 13:10:00+05:30,BUY,2377.65,0.0
2021-08-04 15:15:00+05:30,SELL,2377.1,-36.5
2021-08-05 11:00:00+05:30,BUY,2377.9,0.0
2021-08-05 13:50:00+05:30,SELL,2366.0,-377.0
2021-08-06 14:00:00+05:30,BUY,2378.1,0.0
2021-08-06 15:15:00+05:30,SELL,2370.9,-236.0
2021-08-09 10:20:00+05:30,BUY,2385.85,0.0
2021-08-09 15:15:00+05:30,SELL,2383.95,-77.0
2021-08-11 12:25:00+05:30,BUY,2374.55,0.0
2021-08-11 15:15:00+05:30,SELL,2392.6,521.5
2021-08-12 09:25:00+05:30,BUY,2382.7,0.0
2021-08-12 09:45:00+05:30,SELL,2405.85,674.5
2021-08-12 10:35:00+05:30,BUY,2396.6,0.0
2021-08-12 15:15:00+05:30,SELL,2396.45,-24.5
2021-08-13 10:35:00+05:30,BUY,2401.65,0.0
2021-08-13 15:15:00+05:30,SELL,2405.85,106.0
2021-08-16 13:30:00+05:30,BUY,2427.9,0.0
2021-08-16 15:15:00+05:30,SELL,2420.95,-228.5
2021-08-25 10:25:00+05:30,BUY,2650.15,0.0
2021-08-25 11:55:00+05:30,SELL,2636.55,-428.0
2021-08-26 09:35:00+05:30,BUY,2647.7,0.0
2021-08-26 10:40:00+05:30,SELL,2688.9,1216.0
2021-08-27 09:45:00+05:30,BUY,2666.0,0.0
2021-08-27 12:55:00+05:30,SELL,2677.45,323.5
2021-09-02 13:15:00+05:30,BUY,2801.4,0.0
2021-09-02 15:15:00+05:30,SELL,2802.1,1.0
2021-09-06 10:35:00+05:30,BUY,2798.6,0.0
2021-09-06 11:10:00+05:30,SELL,2780.0,-578.0
2021-09-08 10:15:00+05:30,BUY,2785.4,0.0
2021-09-08 12:30:00+05:30,SELL,2769.15,-507.5
2021-09-08 13:55:00+05:30,BUY,2783.0,0.0
2021-09-08 15:15:00+05:30,SELL,2804.85,635.5
2021-09-09 09:25:00+05:30,BUY,2798.1,0.0
2021-09-09 09:40:00+05:30,SELL,2811.5,382.0
2021-09-09 11:05:00+05:30,BUY,2811.55,0.0
2021-09-09 12:40:00+05:30,SELL,2812.25,1.0
2021-09-16 13:50:00+05:30,BUY,2779.45,0.0
2021-09-16 15:15:00+05:30,SELL,2766.8,-399.5
2021-09-17 10:10:00+05:30,BUY,2777.0,0.0
2021-09-17 13:35:00+05:30,SELL,2762.65,-450.5
2021-09-20 13:45:00+05:30,BUY,2794.95,0.0
2021-09-20 15:15:00+05:30,SELL,2800.0,131.5
2021-09-21 11:10:00+05:30,BUY,2843.0,0.0
2021-09-21 12:15:00+05:30,SELL,2826.4,-518.0
2021-09-23 11:10:00+05:30,BUY,2803.3,0.0
2021-09-23 13:40:00+05:30,SELL,2786.05,-537.5
2021-09-30 10:55:00+05:30,BUY,2701.35,0.0
2021-09-30 15:15:00+05:30,SELL,2705.05,91.0
2021-10-01 14:20:00+05:30,BUY,2689.5,0.0
2021-10-01 15:15:00+05:30,SELL,2705.6,463.0
2021-10-04 09:30:00+05:30,BUY,2700.35,0.0
2021-10-04 11:30:00+05:30,SELL,2705.9,146.5
2021-10-05 10:45:00+05:30,BUY,2704.0,0.0
2021-10-05 15:15:00+05:30,SELL,2709.55,146.5
2021-10-06 09:25:00+05:30,BUY,2710.3,0.0
2021-10-06 09:50:00+05:30,SELL,2727.9,508.0
2021-10-12 12:20:00+05:30,BUY,2644.65,0.0
2021-10-12 14:00:00+05:30,SELL,2657.95,379.0
2021-10-13 10:05:00+05:30,BUY,2667.15,0.0
2021-10-13 12:05:00+05:30,SELL,2652.5,-459.5
2021-10-14 11:15:00+05:30,BUY,2666.3,0.0
2021-10-14 12:15:00+05:30,SELL,2650.85,-483.5
2021-10-22 10:20:00+05:30,BUY,2467.3,0.0
2021-10-22 11:15:00+05:30,SELL,2452.75,-456.5
2021-10-25 13:25:00+05:30,BUY,2432.5,0.0
2021-10-25 14:10:00+05:30,SELL,2446.8,409.0
2021-10-27 09:45:00+05:30,BUY,2438.95,0.0
2021-10-27 10:05:00+05:30,SELL,2426.2,-402.5
2021-10-29 09:45:00+05:30,BUY,2385.15,0.0
2021-10-29 15:15:00+05:30,SELL,2392.25,193.0
2021-11-02 10:05:00+05:30,BUY,2413.05,0.0
2021-11-02 15:15:00+05:30,SELL,2420.55,205.0
2021-11-12 11:30:00+05:30,BUY,2389.0,0.0
2021-11-12 15:15:00+05:30,SELL,2400.0,310.0
2021-11-15 11:50:00+05:30,BUY,2421.35,0.0
2021-11-15 13:20:00+05:30,SELL,2421.5,-15.5
2021-11-17 14:10:00+05:30,BUY,2400.6,0.0
2021-11-17 15:15:00+05:30,SELL,2389.6,-350.0
2021-11-22 13:35:00+05:30,BUY,2389.5,0.0
2021-11-22 15:15:00+05:30,SELL,2390.1,-2.0
2021-11-29 13:05:00+05:30,BUY,2321.0,0.0
2021-11-29 15:15:00+05:30,SELL,2329.1,223.0
2021-11-30 11:20:00+05:30,BUY,2347.35,0.0
2021-11-30 12:50:00+05:30,SELL,2359.45,343.0
2021-11-30 14:00:00+05:30,BUY,2351.45,0.0
2021-11-30 15:15:00+05:30,SELL,2310.2,-1257.5
2021-12-01 13:20:00+05:30,BUY,2352.75,0.0
2021-12-01 14:10:00+05:30,SELL,2340.15,-398.0
2021-12-02 11:15:00+05:30,BUY,2361.4,0.0
2021-12-02 15:15:00+05:30,SELL,2385.25,695.5
2021-12-03 09:25:00+05:30,BUY,2378.4,0.0
2021-12-03 10:15:00+05:30,SELL,2364.25,-444.5
2021-12-03 12:10:00+05:30,BUY,2373.0,0.0
2021-12-03 13:25:00+05:30,SELL,2360.4,-398.0
2021-12-07 13:40:00+05:30,BUY,2334.0,0.0
2021-12-07 15:15:00+05:30,SELL,2322.65,-360.5
2021-12-08 10:20:00+05:30,BUY,2334.05,0.0
2021-12-08 15:15:00+05:30,SELL,2340.4,170.5
2021-12-09 11:30:00+05:30,BUY,2333.4,0.0
2021-12-09 12:05:00+05:30,SELL,2340.7,199.0
2021-12-09 13:10:00+05:30,BUY,2337.05,0.0
2021-12-09 15:15:00+05:30,SELL,2341.5,113.5
2021-12-14 12:15:00+05:30,BUY,2317.0,0.0
2021-12-14 15:15:00+05:30,SELL,2314.5,-95.0
2021-12-15 12:40:00+05:30,BUY,2308.2,0.0
2021-12-15 12:55:00+05:30,SELL,2312.6,112.0
2021-12-15 14:00:00+05:30,BUY,2311.7,0.0
2021-12-15 15:15:00+05:30,SELL,2318.25,176.5
2021-12-16 12:15:00+05:30,BUY,2310.0,0.0
2021-12-16 15:15:00+05:30,SELL,2310.1,-17.0
2021-12-22 12:30:00+05:30,BUY,2277.75,0.0
2021-12-22 13:40:00+05:30,SELL,2288.8,311.5
2021-12-23 10:05:00+05:30,BUY,2284.5,0.0
2021-12-23 14:25:00+05:30,SELL,2295.05,296.5
2021-12-24 11:45:00+05:30,BUY,2305.15,0.0
2021-12-24 15:15:00+05:30,SELL,2297.5,-249.5
2021-12-28 10:35:00+05:30,BUY,2310.5,0.0
2021-12-28 15:15:00+05:30,SELL,2309.8,-41.0
2021-12-30 09:45:00+05:30,BUY,2311.55,0.0
2021-12-30 10:55:00+05:30,SELL,2317.35,154.0
2021-12-30 11:35:00+05:30,BUY,2313.3,0.0
2021-12-30 14:00:00+05:30,SELL,2319.4,163.0
2022-01-04 09:40:00+05:30,BUY,2365.25,0.0
2022-01-04 11:00:00+05:30,SELL,2378.1,365.5
2022-01-04 13:50:00+05:30,BUY,2400.25,0.0
2022-01-04 15:15:00+05:30,SELL,2404.5,107.5
2022-01-05 09:25:00+05:30,BUY,2405.0,0.0
2022-01-05 10:45:00+05:30,SELL,2392.4,-398.0
2022-01-05 11:35:00+05:30,BUY,2400.75,0.0
2022-01-05 13:40:00+05:30,SELL,2412.3,326.5
2022-01-07 11:55:00+05:30,BUY,2411.1,0.0
2022-01-07 12:55:00+05:30,SELL,2420.95,275.5
2022-01-07 13:40:00+05:30,BUY,2415.4,0.0
2022-01-07 15:15:00+05:30,SELL,2414.45,-48.5
2022-01-11 13:40:00+05:30,BUY,2400.6,0.0
2022-01-11 15:15:00+05:30,SELL,2402.5,37.0
2022-01-12 09:30:00+05:30,BUY,2403.2,0.0
2022-01-12 10:00:00+05:30,SELL,2412.0,244.0
2022-01-12 11:10:00+05:30,BUY,2409.6,0.0
2022-01-12 15:15:00+05:30,SELL,2412.2,58.0
2022-01-13 09:50:00+05:30,BUY,2412.9,0.0
2022-01-13 15:15:00+05:30,SELL,2416.6,91.0
2022-01-17 13:05:00+05:30,BUY,2387.9,0.0
2022-01-17 15:15:00+05:30,SELL,2388.9,10.0
2022-01-25 10:35:00+05:30,BUY,2289.05,0.0
2022-01-25 11:45:00+05:30,SELL,2314.2,734.5
2022-01-25 12:50:00+05:30,BUY,2304.85,0.0
2022-01-25 15:15:00+05:30,SELL,2329.0,704.5
2022-01-28 12:40:00+05:30,BUY,2297.95,0.0
2022-01-28 14:00:00+05:30,SELL,2284.4,-426.5
2022-02-02 09:50:00+05:30,BUY,2306.7,0.0
2022-02-02 14:00:00+05:30,SELL,2327.5,604.0
2022-02-09 12:30:00+05:30,BUY,2265.0,0.0
2022-02-09 15:15:00+05:30,SELL,2277.0,340.0
2022-02-10 11:25:00+05:30,BUY,2268.4,0.0
2022-02-10 12:50:00+05:30,SELL,2269.8,22.0
2022-02-10 13:20:00+05:30,BUY,2271.7,0.0
2022-02-10 14:15:00+05:30,SELL,2280.35,239.5
2022-02-11 13:10:00+05:30,BUY,2266.35,0.0
2022-02-11 13:30:00+05:30,SELL,2274.15,214.0
2022-02-17 12:55:00+05:30,BUY,2295.5,0.0
2022-02-17 14:00:00+05:30,SELL,2305.0,265.0
2022-02-18 09:25:00+05:30,BUY,2307.3,0.0
2022-02-18 12:10:00+05:30,SELL,2315.2,217.0
2022-02-21 13:40:00+05:30,BUY,2301.0,0.0
2022-02-21 15:15:00+05:30,SELL,2291.95,-291.5
2022-02-23 11:50:00+05:30,BUY,2262.3,0.0
2022-02-23 13:30:00+05:30,SELL,2263.0,1.0
2022-02-23 13:35:00+05:30,BUY,2264.0,0.0
2022-02-23 15:15:00+05:30,SELL,2256.9,-233.0
2022-02-25 14:15:00+05:30,BUY,2175.05,0.0
2022-02-25 15:15:00+05:30,SELL,2171.85,-116.0
2022-02-28 13:30:00+05:30,BUY,2155.4,0.0
2022-02-28 15:15:00+05:30,SELL,2177.15,632.5
2022-03-09 13:30:00+05:30,BUY,1993.0,0.0
2022-03-09 15:15:00+05:30,SELL,1998.95,158.5
2022-03-11 09:30:00+05:30,BUY,2102.3,0.0
2022-03-11 10:00:00+05:30,SELL,2091.5,-344.0
2022-03-11 12:05:00+05:30,BUY,2088.95,0.0
2022-03-11 15:15:00+05:30,SELL,2096.45,205.0
2022-03-15 10:00:00+05:30,BUY,2067.2,0.0
2022-03-15 11:40:00+05:30,SELL,2054.5,-401.0
2022-03-17 14:25:00+05:30,BUY,2093.2,0.0
2022-03-17 15:15:00+05:30,SELL,2101.0,214.0
2022-03-24 13:25:00+05:30,BUY,1978.5,0.0
2022-03-24 14:00:00+05:30,SELL,1967.85,-339.5
2022-03-29 12:10:00+05:30,BUY,1985.0,0.0
2022-03-29 15:15:00+05:30,SELL,1984.85,-24.5
2022-03-30 13:15:00+05:30,BUY,2014.4,0.0
2022-03-30 15:15:00+05:30,SELL,2016.15,32.5
2022-04-01 12:20:00+05:30,BUY,2061.3,0.0
2022-04-01 13:35:00+05:30,SELL,2070.2,247.0
2022-04-05 09:40:00+05:30,BUY,2130.45,0.0
2022-04-05 13:20:00+05:30,SELL,2157.25,784.0
2022-04-06 11:55:00+05:30,BUY,2158.4,0.0
2022-04-06 13:00:00+05:30,SELL,2147.0,-362.0
2022-04-07 09:40:00+05:30,BUY,2148.7,0.0
2022-04-07 12:50:00+05:30,SELL,2173.8,733.0
2022-04-07 13:30:00+05:30,BUY,2168.35,0.0
2022-04-07 15:15:00+05:30,SELL,2166.15,-86.0
2022-04-08 09:45:00+05:30,BUY,2169.0,0.0
2022-04-08 11:35:00+05:30,SELL,2170.5,25.0
2022-04-08 11:40:00+05:30,BUY,2172.95,0.0
2022-04-08 13:30:00+05:30,SELL,2188.9,458.5
2022-04-21 11:45:00+05:30,BUY,2188.1,0.0
2022-04-21 14:00:00+05:30,SELL,2192.1,100.0
2022-04-21 14:05:00+05:30,BUY,2193.9,0.0
2022-04-21 15:15:00+05:30,SELL,2197.5,88.0
2022-05-06 13:35:00+05:30,BUY,2152.95,0.0
2022-05-06 15:15:00+05:30,SELL,2148.65,-149.0
2022-05-09 13:00:00+05:30,BUY,2127.55,0.0
2022-05-09 13:45:00+05:30,SELL,2116.4,-354.5
2022-05-13 11:25:00+05:30,BUY,2182.9,0.0
2022-05-13 11:45:00+05:30,SELL,2201.0,523.0
2022-05-18 09:35:00+05:30,BUY,2249.5,0.0
2022-05-18 13:10:00+05:30,SELL,2283.5,1000.0
2022-05-19 13:55:00+05:30,BUY,2270.0,0.0
2022-05-19 15:15:00+05:30,SELL,2268.35,-69.5
2022-05-23 09:35:00+05:30,BUY,2330.8,0.0
2022-05-23 09:45:00+05:30,SELL,2349.25,533.5
2022-05-23 12:50:00+05:30,BUY,2381.15,0.0
2022-05-23 15:15:00+05:30,SELL,2383.65,55.0
2022-05-27 12:20:00+05:30,BUY,2309.45,0.0
2022-05-27 13:10:00+05:30,SELL,2321.3,335.5
2022-05-30 11:40:00+05:30,BUY,2356.05,0.0
2022-05-30 13:40:00+05:30,SELL,2343.95,-383.0
2022-06-09 10:15:00+05:30,BUY,2195.0,0.0
2022-06-09 12:50:00+05:30,SELL,2200.0,130.0
2022-06-09 13:40:00+05:30,BUY,2199.6,0.0
2022-06-09 15:15:00+05:30,SELL,2197.05,-96.5
2022-06-13 09:50:00+05:30,BUY,2201.95,0.0
2022-06-13 15:15:00+05:30,SELL,2199.5,-93.5
2022-06-14 11:10:00+05:30,BUY,2197.15,0.0
2022-06-14 12:20:00+05:30,SELL,2184.0,-414.5
2022-06-20 13:35:00+05:30,BUY,2196.95,0.0
2022-06-20 15:15:00+05:30,SELL,2193.8,-114.5
2022-06-22 12:35:00+05:30,BUY,2206.95,0.0
2022-06-22 14:20:00+05:30,SELL,2207.8,5.5
2022-06-23 09:35:00+05:30,BUY,2207.6,0.0
2022-06-23 11:00:00+05:30,SELL,2230.0,652.0
2022-06-23 12:55:00+05:30,BUY,2234.7,0.0
2022-06-23 15:15:00+05:30,SELL,2253.95,557.5
2022-06-24 10:20:00+05:30,BUY,2283.9,0.0
2022-06-24 11:55:00+05:30,SELL,2290.2,169.0
2022-06-24 12:35:00+05:30,BUY,2296.65,0.0
2022-06-24 13:15:00+05:30,SELL,2307.95,319.0
2022-06-27 10:00:00+05:30,BUY,2307.8,0.0
2022-06-27 11:50:00+05:30,SELL,2310.8,70.0
2022-06-27 14:25:00+05:30,BUY,2328.15,0.0
2022-06-27 15:15:00+05:30,SELL,2318.85,-299.0
2022-06-28 13:50:00+05:30,BUY,2307.5,0.0
2022-06-28 15:15:00+05:30,SELL,2317.7,286.0
2022-07-01 11:25:00+05:30,BUY,2246.65,0.0
2022-07-01 14:05:00+05:30,SELL,2272.5,755.5
2022-07-07 12:50:00+05:30,BUY,2514.0,0.0
2022-07-07 15:15:00+05:30,SELL,2469.7,-1349.0
2022-07-08 11:35:00+05:30,BUY,2488.2,0.0
2022-07-08 15:15:00+05:30,SELL,2498.0,274.0
2022-07-11 14:05:00+05:30,BUY,2510.0,0.0
2022-07-11 15:15:00+05:30,SELL,2490.5,-605.0
2022-07-14 11:25:00+05:30,BUY,2497.65,0.0
2022-07-14 12:00:00+05:30,SELL,2477.85,-614.0
2022-07-15 13:35:00+05:30,BUY,2546.3,0.0
2022-07-15 15:15:00+05:30,SELL,2567.05,602.5
2022-07-19 13:45:00+05:30,BUY,2556.0,0.0
2022-07-19 15:15:00+05:30,SELL,2567.2,316.0
2022-07-20 12:10:00+05:30,BUY,2605.5,0.0
2022-07-20 15:15:00+05:30,SELL,2603.65,-75.5
2022-07-21 10:10:00+05:30,BUY,2618.3,0.0
2022-07-21 12:10:00+05:30,SELL,2620.0,31.0
2022-07-22 13:40:00+05:30,BUY,2635.55,0.0
2022-07-22 15:15:00+05:30,SELL,2639.9,110.5
2022-07-25 09:35:00+05:30,BUY,2641.95,0.0
2022-07-25 11:45:00+05:30,SELL,2625.45,-515.0
2022-07-27 11:15:00+05:30,BUY,2566.85,0.0
2022-07-27 12:10:00+05:30,SELL,2583.85,490.0
2022-07-28 10:55:00+05:30,BUY,2595.0,0.0
2022-07-28 12:20:00+05:30,SELL,2619.9,727.0
2022-07-28 14:25:00+05:30,BUY,2617.35,0.0
2022-07-28 15:15:00+05:30,SELL,2621.85,115.0
2022-08-02 10:30:00+05:30,BUY,2614.0,0.0
2022-08-02 14:05:00+05:30,SELL,2628.0,400.0
2022-08-03 09:45:00+05:30,BUY,2638.4,0.0
2022-08-03 10:55:00+05:30,SELL,2624.75,-429.5
2022-08-04 09:35:00+05:30,BUY,2625.1,0.0
2022-08-04 13:10:00+05:30,SELL,2627.05,38.5
2022-08-04 13:35:00+05:30,BUY,2630.0,0.0
2022-08-04 15:15:00+05:30,SELL,2626.0,-140.0
2022-08-05 10:30:00+05:30,BUY,2641.5,0.0
2022-08-05 15:15:00+05:30,SELL,2645.5,100.0
2022-08-08 11:25:00+05:30,BUY,2642.0,0.0
2022-08-08 15:15:00+05:30,SELL,2650.8,244.0
2022-08-24 13:40:00+05:30,BUY,2590.0,0.0
2022-08-24 15:15:00+05:30,SELL,2589.0,-50.0
2022-08-29 11:20:00+05:30,BUY,2592.65,0.0
2022-08-29 12:55:00+05:30,SELL,2577.0,-489.5
2022-09-07 10:10:00+05:30,BUY,2581.75,0.0
2022-09-07 11:30:00+05:30,SELL,2568.7,-411.5
2022-09-08 14:00:00+05:30,BUY,2574.9,0.0
2022-09-08 15:15:00+05:30,SELL,2574.0,-47.0
2022-09-09 11:25:00+05:30,BUY,2628.55,0.0
2022-09-09 12:10:00+05:30,SELL,2613.9,-459.5
2022-09-12 14:10:00+05:30,BUY,2587.65,0.0
2022-09-12 15:15:00+05:30,SELL,2580.9,-222.5
2022-09-13 09:40:00+05:30,BUY,2589.0,0.0
2022-09-13 10:15:00+05:30,SELL,2603.0,400.0
2022-09-13 12:05:00+05:30,BUY,2598.0,0.0
2022-09-13 14:20:00+05:30,SELL,2585.0,-410.0
2022-09-14 10:45:00+05:30,BUY,2588.35,0.0
2022-09-14 13:10:00+05:30,SELL,2596.05,211.0
2022-09-16 14:25:00+05:30,BUY,2544.55,0.0
2022-09-16 15:15:00+05:30,SELL,2527.8,-522.5
2022-09-19 12:35:00+05:30,BUY,2537.95,0.0
2022-09-19 13:40:00+05:30,SELL,2557.8,575.5
2022-09-22 12:15:00+05:30,BUY,2661.35,0.0
2022-09-22 12:35:00+05:30,SELL,2673.4,341.5
2022-09-23 10:10:00+05:30,BUY,2702.2,0.0
2022-09-23 12:40:00+05:30,SELL,2687.0,-476.0
2022-09-26 13:50:00+05:30,BUY,2689.65,0.0
2022-09-26 14:10:00+05:30,SELL,2675.45,-446.0
2022-09-27 13:10:00+05:30,BUY,2696.25,0.0
2022-09-27 13:45:00+05:30,SELL,2676.8,-603.5
2022-09-28 10:00:00+05:30,BUY,2687.75,0.0
2022-09-28 13:55:00+05:30,SELL,2691.15,82.0
2022-09-29 09:30:00+05:30,BUY,2706.35,0.0
2022-09-29 11:55:00+05:30,SELL,2710.0,89.5
2022-09-30 14:05:00+05:30,BUY,2685.0,0.0
2022-09-30 15:15:00+05:30,SELL,2695.65,299.5
2022-10-07 14:15:00+05:30,BUY,2603.45,0.0
2022-10-07 15:15:00+05:30,SELL,2599.95,-125.0
2022-10-10 14:05:00+05:30,BUY,2586.8,0.0
2022-10-10 15:15:00+05:30,SELL,2608.0,616.0
2022-10-11 11:25:00+05:30,BUY,2586.35,0.0
2022-10-11 12:40:00+05:30,SELL,2568.45,-557.0
2022-10-12 11:40:00+05:30,BUY,2570.0,0.0
2022-10-12 11:45:00+05:30,SELL,2579.15,254.5
2022-10-12 13:15:00+05:30,BUY,2588.0,0.0
2022-10-12 13:55:00+05:30,SELL,2603.15,434.5
2022-10-14 10:55:00+05:30,BUY,2603.65,0.0
2022-10-14 12:50:00+05:30,SELL,2589.55,-443.0
2022-10-17 11:25:00+05:30,BUY,2590.2,0.0
2022-10-17 15:15:00+05:30,SELL,2588.7,-65.0
2022-10-19 12:10:00+05:30,BUY,2599.75,0.0
2022-10-19 15:15:00+05:30,SELL,2581.85,-557.0
2022-10-20 09:30:00+05:30,BUY,2594.95,0.0
2022-10-20 11:30:00+05:30,SELL,2596.75,34.0
2022-10-20 12:15:00+05:30,BUY,2598.95,0.0
2022-10-20 15:15:00+05:30,SELL,2600.05,13.0
2022-10-21 12:35:00+05:30,BUY,2649.8,0.0
2022-10-21 15:15:00+05:30,SELL,2648.4,-62.0
2022-11-01 13:35:00+05:30,BUY,2567.9,0.0
2022-11-01 15:15:00+05:30,SELL,2551.95,-498.5
2022-11-03 09:30:00+05:30,BUY,2519.0,0.0
2022-11-03 11:15:00+05:30,SELL,2531.8,364.0
2022-11-03 12:25:00+05:30,BUY,2531.55,0.0
2022-11-03 15:15:00+05:30,SELL,2547.45,457.0
2022-11-07 10:15:00+05:30,BUY,2530.2,0.0
2022-11-07 13:10:00+05:30,SELL,2517.5,-401.0
2022-11-16 14:15:00+05:30,BUY,2458.0,0.0
2022-11-16 14:25:00+05:30,SELL,2466.75,242.5
2022-11-17 10:35:00+05:30,BUY,2482.8,0.0
2022-11-17 12:35:00+05:30,SELL,2469.1,-431.0
2022-11-18 09:30:00+05:30,BUY,2466.0,0.0
2022-11-18 10:15:00+05:30,SELL,2450.5,-485.0
2022-11-18 12:55:00+05:30,BUY,2463.0,0.0
2022-11-18 15:15:00+05:30,SELL,2482.35,560.5
2022-11-21 10:35:00+05:30,BUY,2489.95,0.0
2022-11-21 13:20:00+05:30,SELL,2502.1,344.5
2022-11-22 12:00:00+05:30,BUY,2519.05,0.0
2022-11-22 15:15:00+05:30,SELL,2518.0,-51.5
2022-11-23 11:15:00+05:30,BUY,2512.45,0.0
2022-11-23 13:40:00+05:30,SELL,2518.25,154.0
2022-11-23 13:45:00+05:30,BUY,2519.85,0.0
2022-11-23 15:15:00+05:30,SELL,2505.35,-455.0
2022-11-25 13:50:00+05:30,BUY,2532.0,0.0
2022-11-25 15:15:00+05:30,SELL,2537.85,155.5
2022-11-28 09:35:00+05:30,BUY,2534.3,0.0
2022-11-28 15:15:00+05:30,SELL,2525.0,-299.0
2022-11-29 14:25:00+05:30,BUY,2618.0,0.0
2022-11-29 15:15:00+05:30,SELL,2635.75,512.5
2022-11-30 10:05:00+05:30,BUY,2636.95,0.0
2022-11-30 12:55:00+05:30,SELL,2652.25,439.0
2022-12-05 12:10:00+05:30,BUY,2612.8,0.0
2022-12-05 15:15:00+05:30,SELL,2618.2,142.0
2022-12-08 10:15:00+05:30,BUY,2706.0,0.0
2022-12-08 11:40:00+05:30,SELL,2688.0,-560.0
2022-12-08 13:30:00+05:30,BUY,2699.3,0.0
2022-12-08 15:15:00+05:30,SELL,2705.0,151.0
2022-12-09 12:40:00+05:30,BUY,2729.85,0.0
2022-12-09 15:15:00+05:30,SELL,2719.2,-339.5
2022-12-12 13:35:00+05:30,BUY,2708.6,0.0
2022-12-12 15:15:00+05:30,SELL,2717.05,233.5
2022-12-13 10:40:00+05:30,BUY,2712.15,0.0
2022-12-13 13:35:00+05:30,SELL,2714.05,37.0
2022-12-21 13:55:00+05:30,BUY,2660.95,0.0
2022-12-21 15:15:00+05:30,SELL,2666.65,151.0
2022-12-22 09:45:00+05:30,BUY,2675.5,0.0
2022-12-22 10:45:00+05:30,SELL,2660.3,-476.0
2022-12-26 09:55:00+05:30,BUY,2625.0,0.0
2022-12-26 12:10:00+05:30,SELL,2628.2,76.0
2022-12-28 10:35:00+05:30,BUY,2596.75,0.0
2022-12-28 12:20:00+05:30,SELL,2583.0,-432.5
2022-12-30 14:05:00+05:30,BUY,2568.0,0.0
2022-12-30 15:15:00+05:30,SELL,2559.35,-279.5
2023-01-02 11:00:00+05:30,BUY,2567.0,0.0
2023-01-02 12:30:00+05:30,SELL,2553.2,-434.0
2023-01-03 11:00:00+05:30,BUY,2555.7,0.0
2023-01-03 13:10:00+05:30,SELL,2538.5,-536.0
2023-01-04 13:55:00+05:30,BUY,2541.35,0.0
2023-01-04 15:15:00+05:30,SELL,2535.5,-195.5
2023-01-05 11:05:00+05:30,BUY,2568.0,0.0
2023-01-05 15:15:00+05:30,SELL,2588.3,589.0
2023-01-17 11:30:00+05:30,BUY,2654.8,0.0
2023-01-17 15:15:00+05:30,SELL,2667.6,364.0
2023-01-24 09:45:00+05:30,BUY,2597.4,0.0
2023-01-24 15:15:00+05:30,SELL,2599.6,46.0
2023-01-25 09:25:00+05:30,BUY,2601.0,0.0
2023-01-25 11:00:00+05:30,SELL,2608.0,190.0
2023-01-25 11:30:00+05:30,BUY,2613.6,0.0
2023-01-25 13:00:00+05:30,SELL,2632.15,536.5
2023-02-02 10:35:00+05:30,BUY,2582.55,0.0
2023-02-02 12:05:00+05:30,SELL,2607.95,742.0
2023-02-08 13:40:00+05:30,BUY,2590.25,0.0
2023-02-08 15:15:00+05:30,SELL,2582.65,-248.0
2023-02-09 10:50:00+05:30,BUY,2584.65,0.0
2023-02-09 13:45:00+05:30,SELL,2598.05,382.0
2023-02-13 09:25:00+05:30,BUY,2573.7,0.0
2023-02-13 10:20:00+05:30,SELL,2558.9,-464.0
2023-02-13 12:20:00+05:30,BUY,2571.2,0.0
2023-02-13 12:55:00+05:30,SELL,2586.0,424.0
2023-02-14 10:05:00+05:30,BUY,2592.75,0.0
2023-02-14 14:00:00+05:30,SELL,2578.0,-462.5
2023-02-16 14:05:00+05:30,BUY,2535.8,0.0
2023-02-16 15:15:00+05:30,SELL,2526.5,-299.0
2023-02-17 09:55:00+05:30,BUY,2535.1,0.0
2023-02-17 10:10:00+05:30,SELL,2517.3,-554.0
2023-02-17 14:15:00+05:30,BUY,2517.2,0.0
2023-02-17 15:15:00+05:30,SELL,2515.55,-69.5
2023-03-01 09:35:00+05:30,BUY,2461.5,0.0
2023-03-01 15:15:00+05:30,SELL,2466.45,128.5
2023-03-02 13:35:00+05:30,BUY,2451.8,0.0
2023-03-02 15:15:00+05:30,SELL,2452.35,-3.5
2023-03-06 11:15:00+05:30,BUY,2490.0,0.0
2023-03-06 15:15:00+05:30,SELL,2485.0,-170.0
2023-03-10 11:45:00+05:30,BUY,2464.1,0.0
2023-03-10 15:15:00+05:30,SELL,2467.05,68.5
2023-03-20 10:50:00+05:30,BUY,2455.75,0.0
2023-03-20 11:25:00+05:30,SELL,2442.5,-417.5
2023-03-21 09:55:00+05:30,BUY,2503.2,0.0
2023-03-21 10:30:00+05:30,SELL,2489.2,-440.0
2023-03-22 12:05:00+05:30,BUY,2472.3,0.0
2023-03-22 12:40:00+05:30,SELL,2458.0,-449.0
2023-03-23 11:00:00+05:30,BUY,2485.9,0.0
2023-03-23 14:15:00+05:30,SELL,2486.8,7.0
2023-03-24 13:40:00+05:30,BUY,2493.0,0.0
2023-03-24 15:15:00+05:30,SELL,2480.6,-392.0
2023-03-28 10:00:00+05:30,BUY,2502.0,0.0
2023-03-28 13:05:00+05:30,SELL,2489.2,-404.0
2023-03-29 12:30:00+05:30,BUY,2500.0,0.0
2023-03-29 14:00:00+05:30,SELL,2513.4,382.0
2023-03-31 12:30:00+05:30,BUY,2526.65,0.0
2023-03-31 15:15:00+05:30,SELL,2564.6,1118.5
2023-04-12 14:10:00+05:30,BUY,2530.0,0.0
2023-04-12 15:15:00+05:30,SELL,2529.55,-33.5
2023-04-13 14:20:00+05:30,BUY,2542.4,0.0
2023-04-13 15:15:00+05:30,SELL,2536.7,-191.0
2023-04-20 09:35:00+05:30,BUY,2527.65,0.0
2023-04-20 11:35:00+05:30,SELL,2512.5,-474.5
2023-04-24 14:20:00+05:30,BUY,2490.25,0.0
2023-04-24 15:15:00+05:30,SELL,2499.9,269.5
2023-04-25 10:55:00+05:30,BUY,2494.1,0.0
2023-04-25 13:45:00+05:30,SELL,2481.25,-405.5
2023-04-26 09:25:00+05:30,BUY,2488.7,0.0
2023-04-26 13:00:00+05:30,SELL,2499.2,295.0
2023-04-26 13:15:00+05:30,BUY,2500.8,0.0
2023-04-26 15:15:00+05:30,SELL,2514.6,394.0
2023-05-04 13:30:00+05:30,BUY,2495.3,0.0
2023-05-04 15:15:00+05:30,SELL,2506.7,322.0
2023-05-05 10:05:00+05:30,BUY,2507.75,0.0
2023-05-05 15:15:00+05:30,SELL,2501.7,-201.5
2023-05-08 11:45:00+05:30,BUY,2521.0,0.0
2023-05-08 15:15:00+05:30,SELL,2518.35,-99.5
2023-05-10 12:35:00+05:30,BUY,2529.3,0.0
2023-05-10 15:15:00+05:30,SELL,2519.8,-305.0
2023-05-12 13:30:00+05:30,BUY,2633.9,0.0
2023-05-12 14:15:00+05:30,SELL,2620.65,-417.5
2023-05-15 10:25:00+05:30,BUY,2646.9,0.0
2023-05-15 10:50:00+05:30,SELL,2633.5,-422.0
2023-05-16 10:25:00+05:30,BUY,2664.6,0.0
2023-05-16 14:10:00+05:30,SELL,2666.4,34.0
2023-05-16 14:15:00+05:30,BUY,2671.65,0.0
2023-05-16 15:15:00+05:30,SELL,2677.05,142.0
2023-05-17 10:55:00+05:30,BUY,2665.95,0.0
2023-05-17 15:15:00+05:30,SELL,2660.9,-171.5
2023-05-19 12:20:00+05:30,BUY,2623.85,0.0
2023-05-19 12:30:00+05:30,SELL,2609.05,-464.0
2023-05-22 10:55:00+05:30,BUY,2645.55,0.0
2023-05-22 12:40:00+05:30,SELL,2630.75,-464.0
2023-05-22 13:50:00+05:30,BUY,2639.5,0.0
2023-05-22 15:15:00+05:30,SELL,2636.7,-104.0
2023-05-23 09:35:00+05:30,BUY,2644.0,0.0
2023-05-23 14:10:00+05:30,SELL,2629.05,-468.5
2023-05-24 11:00:00+05:30,BUY,2631.9,0.0
2023-05-24 12:30:00+05:30,SELL,2616.15,-492.5
2023-05-25 09:40:00+05:30,BUY,2617.95,0.0
2023-05-25 10:15:00+05:30,SELL,2602.2,-492.5
2023-05-26 10:25:00+05:30,BUY,2610.65,0.0
2023-05-26 11:15:00+05:30,SELL,2623.55,367.0
2023-05-29 11:50:00+05:30,BUY,2667.65,0.0
2023-05-29 15:15:00+05:30,SELL,2650.5,-534.5
2023-05-30 09:40:00+05:30,BUY,2660.0,0.0
2023-05-30 15:15:00+05:30,SELL,2655.0,-170.0
2023-05-31 13:05:00+05:30,BUY,2652.0,0.0
2023-05-31 14:15:00+05:30,SELL,2660.9,247.0
2023-06-02 11:50:00+05:30,BUY,2723.0,0.0
2023-06-02 13:25:00+05:30,SELL,2732.9,277.0
2023-06-06 09:30:00+05:30,BUY,2696.0,0.0
2023-06-06 11:45:00+05:30,SELL,2680.0,-500.0
2023-06-07 10:05:00+05:30,BUY,2699.2,0.0
2023-06-07 13:00:00+05:30,SELL,2716.05,485.5
2023-06-08 09:35:00+05:30,BUY,2720.5,0.0
2023-06-08 10:35:00+05:30,SELL,2706.45,-441.5
2023-06-12 10:20:00+05:30,BUY,2639.7,0.0
2023-06-12 15:15:00+05:30,SELL,2641.3,28.0
2023-06-16 13:15:00+05:30,BUY,2693.55,0.0
2023-06-16 13:55:00+05:30,SELL,2707.15,388.0
2023-06-20 13:30:00+05:30,BUY,2669.6,0.0
2023-06-20 15:15:00+05:30,SELL,2678.05,233.5
2023-06-22 12:25:00+05:30,BUY,2662.9,0.0
2023-06-22 13:50:00+05:30,SELL,2675.45,356.5
2023-06-26 10:25:00+05:30,BUY,2655.65,0.0
2023-06-26 13:05:00+05:30,SELL,2656.2,-3.5
2023-06-26 13:10:00+05:30,BUY,2658.7,0.0
2023-06-26 15:15:00+05:30,SELL,2650.25,-273.5
2023-06-27 13:00:00+05:30,BUY,2648.3,0.0
2023-06-27 15:15:00+05:30,SELL,2650.25,38.5
2023-06-28 09:30:00+05:30,BUY,2655.0,0.0
2023-06-28 11:55:00+05:30,SELL,2669.65,419.5
2023-06-30 09:35:00+05:30,BUY,2673.1,0.0
2023-06-30 10:40:00+05:30,SELL,2659.5,-428.0
2023-07-06 10:40:00+05:30,BUY,2751.0,0.0
2023-07-06 15:15:00+05:30,SELL,2754.95,98.5
2023-07-07 09:25:00+05:30,BUY,2760.4,0.0
2023-07-07 10:10:00+05:30,SELL,2746.0,-452.0
2023-07-11 12:30:00+05:30,BUY,2705.9,0.0
2023-07-11 12:45:00+05:30,SELL,2691.4,-455.0
2023-07-13 09:45:00+05:30,BUY,2677.0,0.0
2023-07-13 15:15:00+05:30,SELL,2655.15,-675.5
2023-07-14 12:55:00+05:30,BUY,2676.5,0.0
2023-07-14 15:15:00+05:30,SELL,2680.0,85.0
2023-07-17 10:40:00+05:30,BUY,2693.0,0.0
2023-07-17 12:25:00+05:30,SELL,2678.55,-453.5
2023-07-18 10:00:00+05:30,BUY,2688.95,0.0
2023-07-18 15:15:00+05:30,SELL,2682.8,-204.5
2023-07-19 13:50:00+05:30,BUY,2671.4,0.0
2023-07-19 15:15:00+05:30,SELL,2673.0,28.0
2023-07-20 10:15:00+05:30,BUY,2669.0,0.0
2023-07-20 12:55:00+05:30,SELL,2701.1,943.0
2023-07-26 11:45:00+05:30,BUY,2591.3,0.0
2023-07-26 14:20:00+05:30,SELL,2593.0,31.0
2023-07-26 14:25:00+05:30,BUY,2595.35,0.0
2023-07-26 15:15:00+05:30,SELL,2582.6,-402.5
2023-07-28 13:30:00+05:30,BUY,2576.4,0.0
2023-07-28 15:15:00+05:30,SELL,2589.0,358.0
2023-08-01 10:15:00+05:30,BUY,2560.8,0.0
2023-08-01 14:15:00+05:30,SELL,2545.45,-480.5
2023-08-02 10:40:00+05:30,BUY,2553.85,0.0
2023-08-02 11:40:00+05:30,SELL,2565.5,329.5
2023-08-02 12:55:00+05:30,BUY,2564.9,0.0
2023-08-02 15:15:00+05:30,SELL,2572.5,208.0
2023-08-07 12:20:00+05:30,BUY,2560.1,0.0
2023-08-07 15:15:00+05:30,SELL,2570.95,305.5
2023-08-08 10:45:00+05:30,BUY,2566.85,0.0
2023-08-08 15:15:00+05:30,SELL,2563.9,-108.5
2023-08-21 12:20:00+05:30,BUY,2566.0,0.0
2023-08-21 15:15:00+05:30,SELL,2564.45,-66.5
2023-08-22 12:20:00+05:30,BUY,2568.9,0.0
2023-08-22 15:15:00+05:30,SELL,2565.55,-120.5
2023-08-23 09:55:00+05:30,BUY,2570.0,0.0
2023-08-23 12:10:00+05:30,SELL,2574.0,100.0
2023-08-23 13:35:00+05:30,BUY,2575.15,0.0
2023-08-23 15:15:00+05:30,SELL,2574.7,-33.5
2023-08-24 11:20:00+05:30,BUY,2582.65,0.0
2023-08-24 13:05:00+05:30,SELL,2583.15,-5.0
2023-08-24 13:10:00+05:30,BUY,2585.1,0.0
2023-08-24 14:15:00+05:30,SELL,2568.25,-525.5
2023-08-25 13:40:00+05:30,BUY,2572.2,0.0
2023-08-25 15:15:00+05:30,SELL,2561.55,-339.5
2023-08-28 14:25:00+05:30,BUY,2554.5,0.0
2023-08-28 15:15:00+05:30,SELL,2556.15,29.5
2023-08-30 12:25:00+05:30,BUY,2531.85,0.0
2023-08-30 15:15:00+05:30,SELL,2533.7,35.5
2023-08-31 09:35:00+05:30,BUY,2535.0,0.0
2023-08-31 10:20:00+05:30,SELL,2520.4,-458.0
2023-09-01 11:50:00+05:30,BUY,2510.65,0.0
2023-09-01 15:15:00+05:30,SELL,2504.8,-195.5
2023-09-05 11:00:00+05:30,BUY,2515.0,0.0
2023-09-05 15:15:00+05:30,SELL,2506.3,-281.0
2023-09-06 10:10:00+05:30,BUY,2514.05,0.0
2023-09-06 12:40:00+05:30,SELL,2516.75,61.0
2023-09-08 12:10:00+05:30,BUY,2511.3,0.0
2023-09-08 15:15:00+05:30,SELL,2515.15,95.5
2023-09-13 11:35:00+05:30,BUY,2503.35,0.0
2023-09-13 15:15:00+05:30,SELL,2507.25,97.0
2023-09-14 10:05:00+05:30,BUY,2507.85,0.0
2023-09-14 12:50:00+05:30,SELL,2495.0,-405.5
2023-09-14 14:25:00+05:30,BUY,2500.1,0.0
2023-09-14 15:15:00+05:30,SELL,2500.05,-21.5
2023-09-22 10:05:00+05:30,BUY,2466.9,0.0
2023-09-22 12:30:00+05:30,SELL,2485.95,551.5
2023-09-27 09:55:00+05:30,BUY,2477.9,0.0
2023-09-27 11:10:00+05:30,SELL,2496.0,523.0
2023-09-27 13:20:00+05:30,BUY,2496.35,0.0
2023-09-27 15:15:00+05:30,SELL,2502.35,160.0
2023-10-05 14:20:00+05:30,BUY,2517.95,0.0
2023-10-05 15:15:00+05:30,SELL,2521.05,73.0
2023-10-06 12:25:00+05:30,BUY,2510.05,0.0
2023-10-06 15:15:00+05:30,SELL,2497.45,-398.0
2023-10-09 11:35:00+05:30,BUY,2509.0,0.0
2023-10-09 15:15:00+05:30,SELL,2511.75,62.5
2023-10-10 13:35:00+05:30,BUY,2518.0,0.0
2023-10-10 15:15:00+05:30,SELL,2516.8,-56.0
2023-10-11 11:55:00+05:30,BUY,2556.35,0.0
2023-10-11 15:15:00+05:30,SELL,2555.55,-44.0
2023-10-16 10:30:00+05:30,BUY,2569.45,0.0
2023-10-16 11:50:00+05:30,SELL,2581.9,353.5
2023-10-17 09:45:00+05:30,BUY,2564.8,0.0
2023-10-17 15:15:00+05:30,SELL,2555.45,-300.5
2023-10-19 12:30:00+05:30,BUY,2549.4,0.0
2023-10-19 15:15:00+05:30,SELL,2548.75,-39.5
2023-10-23 11:45:00+05:30,BUY,2502.55,0.0
2023-10-23 15:15:00+05:30,SELL,2482.55,-620.0
2023-10-31 11:35:00+05:30,BUY,2479.0,0.0
2023-10-31 13:35:00+05:30,SELL,2481.8,64.0
2023-10-31 14:10:00+05:30,BUY,2485.15,0.0
2023-10-31 15:15:00+05:30,SELL,2483.0,-84.5
2023-11-02 09:45:00+05:30,BUY,2475.25,0.0
2023-11-02 14:25:00+05:30,SELL,2483.4,224.5
2023-11-06 10:30:00+05:30,BUY,2510.0,0.0
2023-11-06 13:15:00+05:30,SELL,2497.3,-401.0
2023-11-08 11:40:00+05:30,BUY,2502.5,0.0
2023-11-08 12:05:00+05:30,SELL,2509.8,199.0
2023-11-08 13:50:00+05:30,BUY,2510.0,0.0
2023-11-08 14:10:00+05:30,SELL,2515.0,130.0
2023-11-10 13:40:00+05:30,BUY,2482.0,0.0
2023-11-10 15:15:00+05:30,SELL,2486.05,101.5
2023-11-16 14:00:00+05:30,BUY,2493.15,0.0
2023-11-16 15:15:00+05:30,SELL,2490.2,-108.5
2023-11-17 09:25:00+05:30,BUY,2501.85,0.0
2023-11-17 09:40:00+05:30,SELL,2515.4,386.5
2023-11-17 10:55:00+05:30,BUY,2512.5,0.0
2023-11-17 12:25:00+05:30,SELL,2525.8,379.0
2023-11-22 10:25:00+05:30,BUY,2513.65,0.0
2023-11-22 15:15:00+05:30,SELL,2521.0,200.5
2023-11-23 09:30:00+05:30,BUY,2519.75,0.0
2023-11-23 15:15:00+05:30,SELL,2519.9,-15.5
2023-11-24 11:55:00+05:30,BUY,2515.85,0.0
2023-11-24 15:15:00+05:30,SELL,2516.2,-9.5
2023-12-01 13:35:00+05:30,BUY,2574.4,0.0
2023-12-01 15:15:00+05:30,SELL,2564.7,-311.0
2023-12-04 10:40:00+05:30,BUY,2589.15,0.0
2023-12-04 11:40:00+05:30,SELL,2606.8,509.5
2023-12-04 13:05:00+05:30,BUY,2596.4,0.0
2023-12-04 15:15:00+05:30,SELL,2603.5,193.0
2023-12-05 09:40:00+05:30,BUY,2602.9,0.0
2023-12-05 11:00:00+05:30,SELL,2587.2,-491.0
2023-12-06 10:50:00+05:30,BUY,2578.8,0.0
2023-12-06 15:15:00+05:30,SELL,2565.6,-416.0
2023-12-08 11:10:00+05:30,BUY,2528.2,0.0
2023-12-08 11:40:00+05:30,SELL,2515.55,-399.5
2023-12-13 09:45:00+05:30,BUY,2504.0,0.0
2023-12-13 14:05:00+05:30,SELL,2508.7,121.0
2023-12-14 09:25:00+05:30,BUY,2512.9,0.0
2023-12-14 15:15:00+05:30,SELL,2519.6,181.0
2023-12-15 11:25:00+05:30,BUY,2514.05,0.0
2023-12-15 15:15:00+05:30,SELL,2527.4,380.5
2023-12-18 12:25:00+05:30,BUY,2538.05,0.0
2023-12-18 13:40:00+05:30,SELL,2538.2,-15.5
2023-12-18 13:45:00+05:30,BUY,2539.0,0.0
2023-12-18 15:15:00+05:30,SELL,2533.05,-198.5
2023-12-19 10:35:00+05:30,BUY,2546.0,0.0
2023-12-19 11:20:00+05:30,SELL,2560.5,415.0
2023-12-19 13:20:00+05:30,BUY,2562.9,0.0
2023-12-19 15:15:00+05:30,SELL,2560.65,-87.5
2023-12-20 09:40:00+05:30,BUY,2565.3,0.0
2023-12-20 11:50:00+05:30,SELL,2552.05,-417.5
2023-12-20 13:20:00+05:30,BUY,2565.0,0.0
2023-12-20 14:00:00+05:30,SELL,2550.0,-470.0
2023-12-22 09:45:00+05:30,BUY,2564.95,0.0
2023-12-22 12:45:00+05:30,SELL,2573.35,232.0
2023-12-22 14:05:00+05:30,BUY,2573.3,0.0
2023-12-22 15:15:00+05:30,SELL,2576.9,88.0
2023-12-27 13:30:00+05:30,BUY,2595.0,0.0
2023-12-27 15:15:00+05:30,SELL,2608.05,371.5
2023-12-29 10:45:00+05:30,BUY,2648.0,0.0
2023-12-29 13:20:00+05:30,SELL,2654.75,182.5
2024-01-03 09:50:00+05:30,BUY,2623.4,0.0
2024-01-03 11:25:00+05:30,SELL,2608.1,-479.0
2024-01-03 13:45:00+05:30,BUY,2614.25,0.0
2024-01-03 15:15:00+05:30,SELL,2605.1,-294.5
2024-01-05 12:40:00+05:30,BUY,2619.7,0.0
2024-01-05 14:15:00+05:30,SELL,2629.3,268.0
2024-01-09 13:05:00+05:30,BUY,2587.0,0.0
2024-01-09 15:15:00+05:30,SELL,2578.2,-284.0
2024-01-10 09:40:00+05:30,BUY,2585.25,0.0
2024-01-10 10:45:00+05:30,SELL,2572.05,-416.0
2024-01-11 09:50:00+05:30,BUY,2577.65,0.0
2024-01-11 12:05:00+05:30,SELL,2562.0,-489.5
2024-01-12 14:20:00+05:30,BUY,2547.4,0.0
2024-01-12 15:15:00+05:30,SELL,2543.45,-138.5
2024-01-15 10:40:00+05:30,BUY,2546.7,0.0
2024-01-15 14:00:00+05:30,SELL,2561.15,413.5
2024-01-16 10:10:00+05:30,BUY,2577.0,0.0
2024-01-16 15:15:00+05:30,SELL,2565.6,-362.0
2024-01-18 10:25:00+05:30,BUY,2556.1,0.0
2024-01-18 13:25:00+05:30,SELL,2543.3,-404.0
2024-01-19 10:10:00+05:30,BUY,2553.0,0.0
2024-01-19 14:15:00+05:30,SELL,2561.55,236.5
2024-02-07 09:35:00+05:30,BUY,2428.0,0.0
2024-02-07 15:15:00+05:30,SELL,2424.95,-111.5
2024-02-09 10:20:00+05:30,BUY,2418.55,0.0
2024-02-09 11:45:00+05:30,SELL,2419.65,13.0
2024-02-09 13:40:00+05:30,BUY,2425.65,0.0
2024-02-09 15:15:00+05:30,SELL,2423.7,-78.5
2024-02-13 12:20:00+05:30,BUY,2399.25,0.0
2024-02-13 15:15:00+05:30,SELL,2395.25,-140.0
2024-02-16 10:35:00+05:30,BUY,2364.35,0.0
2024-02-16 15:15:00+05:30,SELL,2374.95,298.0
2024-02-19 09:55:00+05:30,BUY,2377.45,0.0
2024-02-19 13:35:00+05:30,SELL,2388.8,320.5
2024-02-21 10:30:00+05:30,BUY,2404.9,0.0
2024-02-21 11:25:00+05:30,SELL,2414.95,281.5
2024-02-21 13:10:00+05:30,BUY,2417.0,0.0
2024-02-21 14:20:00+05:30,SELL,2402.5,-455.0
2024-02-22 13:50:00+05:30,BUY,2376.95,0.0
2024-02-22 14:25:00+05:30,SELL,2388.7,332.5
2024-02-23 09:55:00+05:30,BUY,2396.15,0.0
2024-02-23 15:15:00+05:30,SELL,2395.1,-51.5
2024-02-27 11:20:00+05:30,BUY,2399.35,0.0
2024-02-27 15:15:00+05:30,SELL,2403.0,89.5
2024-02-28 13:00:00+05:30,BUY,2411.65,0.0
2024-02-28 15:15:00+05:30,SELL,2419.55,217.0
2024-02-29 11:30:00+05:30,BUY,2412.5,0.0
2024-02-29 15:15:00+05:30,SELL,2411.85,-39.5
2024-03-01 10:45:00+05:30,BUY,2423.85,0.0
2024-03-01 12:10:00+05:30,SELL,2425.05,16.0
2024-03-01 12:25:00+05:30,BUY,2430.0,0.0
2024-03-01 14:25:00+05:30,SELL,2416.75,-417.5
2024-03-04 10:10:00+05:30,BUY,2416.45,0.0
2024-03-04 12:55:00+05:30,SELL,2422.05,148.0
2024-03-04 13:00:00+05:30,BUY,2423.25,0.0
2024-03-04 15:15:00+05:30,SELL,2421.5,-72.5
2024-03-07 10:15:00+05:30,BUY,2407.3,0.0
2024-03-07 12:25:00+05:30,SELL,2423.95,479.5
2024-03-07 13:55:00+05:30,BUY,2421.65,0.0
2024-03-07 15:15:00+05:30,SELL,2419.8,-75.5
2024-03-14 10:45:00+05:30,BUY,2324.4,0.0
2024-03-14 15:15:00+05:30,SELL,2334.25,275.5
2024-03-15 12:25:00+05:30,BUY,2324.9,0.0
2024-03-15 15:15:00+05:30,SELL,2331.25,170.5
2024-03-20 13:45:00+05:30,BUY,2253.45,0.0
2024-03-20 15:15:00+05:30,SELL,2241.45,-380.0
2024-03-21 12:10:00+05:30,BUY,2250.0,0.0
2024-03-21 13:00:00+05:30,SELL,2258.5,235.0
2024-03-22 10:10:00+05:30,BUY,2247.1,0.0
2024-03-22 12:55:00+05:30,SELL,2252.7,148.0
2024-03-26 13:35:00+05:30,BUY,2251.45,0.0
2024-03-26 15:15:00+05:30,SELL,2238.05,-422.0
2024-04-04 11:10:00+05:30,BUY,2264.0,0.0
2024-04-04 12:40:00+05:30,SELL,2277.55,386.5
2024-04-05 09:40:00+05:30,BUY,2273.1,0.0
2024-04-05 13:10:00+05:30,SELL,2279.45,170.5
2024-04-09 14:20:00+05:30,BUY,2267.0,0.0
2024-04-09 15:15:00+05:30,SELL,2263.8,-116.0
2024-04-10 09:35:00+05:30,BUY,2267.3,0.0
2024-04-10 15:15:00+05:30,SELL,2260.0,-239.0
2024-04-19 11:25:00+05:30,BUY,2225.6,0.0
2024-04-19 13:40:00+05:30,SELL,2230.55,128.5
2024-04-19 13:45:00+05:30,BUY,2238.0,0.0
2024-04-19 15:15:00+05:30,SELL,2230.9,-233.0
2024-04-22 13:30:00+05:30,BUY,2242.5,0.0
2024-04-22 15:15:00+05:30,SELL,2241.5,-50.0
2024-04-23 13:20:00+05:30,BUY,2269.8,0.0
2024-04-23 15:15:00+05:30,SELL,2261.15,-279.5
2024-04-24 13:40:00+05:30,BUY,2255.5,0.0
2024-04-24 15:15:00+05:30,SELL,2260.25,122.5
2024-04-26 10:25:00+05:30,BUY,2242.4,0.0
2024-04-26 10:50:00+05:30,SELL,2252.8,292.0
2024-04-29 11:20:00+05:30,BUY,2228.6,0.0
2024-04-29 15:15:00+05:30,SELL,2225.1,-125.0
2024-05-06 13:30:00+05:30,BUY,2238.7,0.0
2024-05-06 13:40:00+05:30,SELL,2244.4,151.0
2024-05-07 13:10:00+05:30,BUY,2367.45,0.0
2024-05-07 15:15:00+05:30,SELL,2380.6,374.5
2024-05-10 11:15:00+05:30,BUY,2351.0,0.0
2024-05-10 15:15:00+05:30,SELL,2365.0,400.0
2024-05-13 11:00:00+05:30,BUY,2360.75,0.0
2024-05-13 15:15:00+05:30,SELL,2361.65,7.0
2024-05-14 09:35:00+05:30,BUY,2364.0,0.0
2024-05-14 15:15:00+05:30,SELL,2349.15,-465.5
2024-05-22 14:10:00+05:30,BUY,2367.9,0.0
2024-05-22 15:15:00+05:30,SELL,2366.9,-50.0
2024-05-24 11:30:00+05:30,BUY,2375.0,0.0
2024-05-24 15:15:00+05:30,SELL,2368.75,-207.5
2024-05-27 11:20:00+05:30,BUY,2388.85,0.0
2024-05-27 13:25:00+05:30,SELL,2399.4,296.5
2024-05-27 14:05:00+05:30,BUY,2395.4,0.0
2024-05-27 15:15:00+05:30,SELL,2385.15,-327.5
2024-05-28 09:45:00+05:30,BUY,2392.55,0.0
2024-05-28 12:25:00+05:30,SELL,2399.9,200.5
2024-05-28 12:50:00+05:30,BUY,2404.7,0.0
2024-05-28 15:15:00+05:30,SELL,2395.5,-296.0
2024-05-31 10:15:00+05:30,BUY,2369.45,0.0
2024-05-31 10:25:00+05:30,SELL,2357.6,-375.5
2024-05-31 11:20:00+05:30,BUY,2360.7,0.0
2024-05-31 13:35:00+05:30,SELL,2348.8,-377.0
2024-06-03 11:10:00+05:30,BUY,2363.0,0.0
2024-06-03 12:40:00+05:30,SELL,2346.05,-528.5
2024-06-04 09:30:00+05:30,BUY,2360.95,0.0
2024-06-04 09:40:00+05:30,SELL,2389.7,842.5
2024-06-04 12:15:00+05:30,BUY,2442.5,0.0
2024-06-04 12:20:00+05:30,SELL,2429.45,-411.5
2024-06-05 11:25:00+05:30,BUY,2686.4,0.0
2024-06-05 11:40:00+05:30,SELL,2670.85,-486.5
2024-06-10 11:30:00+05:30,BUY,2568.0,0.0
2024-06-10 15:15:00+05:30,SELL,2562.55,-183.5
2024-06-11 09:25:00+05:30,BUY,2573.0,0.0
2024-06-11 13:55:00+05:30,SELL,2573.65,-0.5
2024-06-24 11:00:00+05:30,BUY,2448.9,0.0
2024-06-24 12:20:00+05:30,SELL,2467.25,530.5
2024-06-24 12:50:00+05:30,BUY,2455.6,0.0
2024-06-24 13:15:00+05:30,SELL,2443.1,-395.0
2024-06-25 09:40:00+05:30,BUY,2442.0,0.0
2024-06-25 13:05:00+05:30,SELL,2428.85,-414.5
2024-06-26 12:30:00+05:30,BUY,2458.2,0.0
2024-06-26 13:30:00+05:30,SELL,2444.8,-422.0
2024-06-27 11:40:00+05:30,BUY,2470.95,0.0
2024-06-27 13:20:00+05:30,SELL,2472.6,29.5
2024-06-28 12:15:00+05:30,BUY,2483.0,0.0
2024-06-28 15:15:00+05:30,SELL,2469.9,-413.0
2024-07-01 09:35:00+05:30,BUY,2492.95,0.0
2024-07-01 09:40:00+05:30,SELL,2500.05,193.0
2024-07-01 14:15:00+05:30,BUY,2509.95,0.0
2024-07-01 15:15:00+05:30,SELL,2505.75,-146.0
2024-07-03 09:50:00+05:30,BUY,2493.45,0.0
2024-07-03 11:35:00+05:30,SELL,2477.0,-513.5
2024-07-05 14:10:00+05:30,BUY,2530.75,0.0
2024-07-05 15:15:00+05:30,SELL,2546.5,452.5
2024-07-08 09:35:00+05:30,BUY,2554.5,0.0
2024-07-08 09:50:00+05:30,SELL,2579.05,716.5
2024-07-08 11:20:00+05:30,BUY,2571.1,0.0
2024-07-08 14:10:00+05:30,SELL,2581.25,284.5
2024-07-09 11:00:00+05:30,BUY,2584.0,0.0
2024-07-09 12:15:00+05:30,SELL,2603.95,578.5
2024-07-10 12:45:00+05:30,BUY,2589.45,0.0
2024-07-10 13:05:00+05:30,SELL,2609.45,580.0
2024-07-11 12:35:00+05:30,BUY,2613.15,0.0
2024-07-11 15:15:00+05:30,SELL,2609.35,-134.0
2024-07-12 09:25:00+05:30,BUY,2612.35,0.0
2024-07-12 11:00:00+05:30,SELL,2631.95,568.0
2024-07-12 11:25:00+05:30,BUY,2619.8,0.0
2024-07-12 13:05:00+05:30,SELL,2636.2,472.0
2024-07-15 11:05:00+05:30,BUY,2623.45,0.0
2024-07-15 15:15:00+05:30,SELL,2617.8,-189.5
2024-07-19 10:10:00+05:30,BUY,2736.85,0.0
2024-07-19 10:35:00+05:30,SELL,2723.0,-435.5
2024-07-19 12:05:00+05:30,BUY,2729.0,0.0
2024-07-19 15:15:00+05:30,SELL,2726.05,-108.5
2024-07-23 10:50:00+05:30,BUY,2746.5,0.0
2024-07-23 11:25:00+05:30,SELL,2769.0,655.0
2024-07-23 12:30:00+05:30,BUY,2773.0,0.0
2024-07-23 15:15:00+05:30,SELL,2759.95,-411.5
2024-07-26 12:00:00+05:30,BUY,2702.5,0.0
2024-07-26 12:40:00+05:30,SELL,2720.65,524.5
2024-07-29 11:30:00+05:30,BUY,2702.9,0.0
2024-07-29 15:15:00+05:30,SELL,2714.4,325.0
2024-07-30 11:05:00+05:30,BUY,2733.0,0.0
2024-07-30 13:10:00+05:30,SELL,2719.25,-432.5
2024-08-01 12:25:00+05:30,BUY,2703.0,0.0
2024-08-01 14:15:00+05:30,SELL,2715.45,353.5
2024-08-05 09:30:00+05:30,BUY,2706.35,0.0
2024-08-05 09:40:00+05:30,SELL,2727.0,599.5
2024-08-05 12:40:00+05:30,BUY,2721.6,0.0
2024-08-05 13:20:00+05:30,SELL,2700.75,-645.5
2024-08-06 13:25:00+05:30,BUY,2761.5,0.0
2024-08-06 15:15:00+05:30,SELL,2749.0,-395.0
2024-08-09 09:55:00+05:30,BUY,2737.95,0.0
2024-08-09 11:55:00+05:30,SELL,2723.55,-452.0
2024-08-13 10:40:00+05:30,BUY,2749.15,0.0
2024-08-13 13:55:00+05:30,SELL,2732.75,-512.0
2024-08-14 12:05:00+05:30,BUY,2734.0,0.0
2024-08-14 15:15:00+05:30,SELL,2724.5,-305.0
2024-08-16 13:55:00+05:30,BUY,2733.0,0.0
2024-08-16 15:15:00+05:30,SELL,2748.0,430.0
2024-08-19 14:20:00+05:30,BUY,2753.1,0.0
2024-08-19 15:15:00+05:30,SELL,2742.35,-342.5
2024-08-21 12:15:00+05:30,BUY,2766.05,0.0
2024-08-21 14:15:00+05:30,SELL,2785.0,548.5
2024-08-22 12:05:00+05:30,BUY,2790.0,0.0
2024-08-22 15:15:00+05:30,SELL,2794.0,100.0
2024-08-23 12:45:00+05:30,BUY,2807.45,0.0
2024-08-23 14:10:00+05:30,SELL,2816.0,236.5
2024-08-26 11:25:00+05:30,BUY,2823.65,0.0
2024-08-26 15:15:00+05:30,SELL,2825.0,20.5
2024-09-03 09:25:00+05:30,BUY,2794.7,0.0
2024-09-03 09:40:00+05:30,SELL,2814.25,566.5
2024-09-03 10:10:00+05:30,BUY,2799.6,0.0
2024-09-03 11:00:00+05:30,SELL,2818.8,556.0
2024-09-04 12:40:00+05:30,BUY,2824.25,0.0
2024-09-04 15:15:00+05:30,SELL,2841.05,484.0
2024-09-05 09:30:00+05:30,BUY,2846.5,0.0
2024-09-05 10:35:00+05:30,SELL,2830.5,-500.0
2024-09-05 11:45:00+05:30,BUY,2844.65,0.0
2024-09-05 15:15:00+05:30,SELL,2839.85,-164.0
2024-09-06 09:50:00+05:30,BUY,2843.7,0.0
2024-09-06 12:35:00+05:30,SELL,2852.0,229.0
2024-09-09 11:35:00+05:30,BUY,2866.2,0.0
2024-09-09 11:45:00+05:30,SELL,2880.0,394.0
2024-09-11 09:30:00+05:30,BUY,2913.35,0.0
2024-09-11 11:00:00+05:30,SELL,2942.9,866.5
2024-09-11 11:55:00+05:30,BUY,2935.0,0.0
2024-09-11 13:10:00+05:30,SELL,2920.2,-464.0
2024-09-12 10:55:00+05:30,BUY,2917.25,0.0
2024-09-12 14:20:00+05:30,SELL,2934.3,491.5
2024-09-13 13:55:00+05:30,BUY,2939.55,0.0
2024-09-13 15:15:00+05:30,SELL,2933.65,-197.0
2024-09-17 10:50:00+05:30,BUY,2878.0,0.0
2024-09-17 15:15:00+05:30,SELL,2873.55,-153.5
2024-09-18 10:15:00+05:30,BUY,2879.9,0.0
2024-09-18 11:55:00+05:30,SELL,2880.45,-3.5
2024-09-19 12:00:00+05:30,BUY,2919.85,0.0
2024-09-19 12:35:00+05:30,SELL,2901.4,-573.5
2024-09-20 10:20:00+05:30,BUY,2917.85,0.0
2024-09-20 12:45:00+05:30,SELL,2958.4,1196.5
2024-09-20 14:25:00+05:30,BUY,2955.55,0.0
2024-09-20 15:15:00+05:30,SELL,2979.9,710.5
2024-09-23 11:55:00+05:30,BUY,2999.85,0.0
2024-09-23 12:05:00+05:30,SELL,3013.0,374.5
2024-09-23 12:45:00+05:30,BUY,3003.0,0.0
2024-09-23 13:25:00+05:30,SELL,3024.75,632.5
2024-09-25 13:25:00+05:30,BUY,2930.45,0.0
2024-09-25 15:15:00+05:30,SELL,2958.9,833.5
2024-09-26 12:35:00+05:30,BUY,2951.35,0.0
2024-09-26 15:15:00+05:30,SELL,2985.95,1018.0
2024-09-27 11:05:00+05:30,BUY,3013.9,0.0
2024-09-27 14:05:00+05:30,SELL,2998.5,-482.0
2024-10-04 10:40:00+05:30,BUY,2896.15,0.0
2024-10-04 12:35:00+05:30,SELL,2868.0,-864.5
2024-10-08 10:35:00+05:30,BUY,2864.5,0.0
2024-10-08 11:30:00+05:30,SELL,2848.0,-515.0
2024-10-11 10:50:00+05:30,BUY,2754.4,0.0
2024-10-11 11:40:00+05:30,SELL,2778.45,701.5
2024-10-11 13:30:00+05:30,BUY,2772.8,0.0
2024-10-11 15:15:00+05:30,SELL,2781.8,250.0
2024-10-14 09:50:00+05:30,BUY,2783.0,0.0
2024-10-14 13:00:00+05:30,SELL,2791.0,220.0
2024-10-14 13:30:00+05:30,BUY,2797.0,0.0
2024-10-14 15:15:00+05:30,SELL,2789.8,-236.0
2024-10-15 12:15:00+05:30,BUY,2788.25,0.0
2024-10-15 14:20:00+05:30,SELL,2789.35,13.0
2024-10-16 12:30:00+05:30,BUY,2779.3,0.0
2024-10-16 15:15:00+05:30,SELL,2780.8,25.0
2024-10-21 12:15:00+05:30,BUY,2705.9,0.0
2024-10-21 13:05:00+05:30,SELL,2689.1,-524.0
2024-10-22 09:30:00+05:30,BUY,2699.65,0.0
2024-10-22 13:30:00+05:30,SELL,2681.9,-552.5
2024-10-23 11:40:00+05:30,BUY,2683.3,0.0
2024-10-23 12:10:00+05:30,SELL,2667.95,-480.5
2024-10-25 10:25:00+05:30,BUY,2520.0,0.0
2024-10-25 12:40:00+05:30,SELL,2537.15,494.5
2024-10-25 14:15:00+05:30,BUY,2529.95,0.0
2024-10-25 15:15:00+05:30,SELL,2529.85,-23.0
2024-10-28 09:30:00+05:30,BUY,2537.5,0.0
2024-10-28 09:55:00+05:30,SELL,2554.0,475.0
2024-10-30 09:30:00+05:30,BUY,2549.25,0.0
2024-10-30 12:30:00+05:30,SELL,2555.15,157.0
2024-10-30 12:35:00+05:30,BUY,2559.75,0.0
2024-10-30 15:15:00+05:30,SELL,2555.0,-162.5
2024-11-04 14:20:00+05:30,BUY,2520.0,0.0
2024-11-04 15:15:00+05:30,SELL,2525.45,143.5
2024-11-05 13:45:00+05:30,BUY,2517.8,0.0
2024-11-05 15:15:00+05:30,SELL,2521.0,76.0
2024-11-08 09:45:00+05:30,BUY,2477.2,0.0
2024-11-08 11:25:00+05:30,SELL,2502.0,724.0
2024-11-08 13:05:00+05:30,BUY,2499.3,0.0
2024-11-08 15:15:00+05:30,SELL,2505.1,154.0
2024-11-11 09:30:00+05:30,BUY,2508.0,0.0
2024-11-11 13:45:00+05:30,SELL,2491.2,-524.0
2024-11-13 14:00:00+05:30,BUY,2465.0,0.0
2024-11-13 15:15:00+05:30,SELL,2464.25,-42.5
2024-11-19 14:15:00+05:30,BUY,2435.2,0.0
2024-11-19 15:15:00+05:30,SELL,2409.05,-804.5
2024-11-22 09:40:00+05:30,BUY,2389.75,0.0
2024-11-22 11:20:00+05:30,SELL,2395.6,155.5
2024-11-22 11:25:00+05:30,BUY,2399.1,0.0
2024-11-22 13:35:00+05:30,SELL,2422.0,667.0
2024-11-26 10:50:00+05:30,BUY,2478.75,0.0
2024-11-26 14:25:00+05:30,SELL,2482.35,88.0
2024-11-27 12:05:00+05:30,BUY,2475.65,0.0
2024-11-27 15:15:00+05:30,SELL,2488.65,370.0
2024-12-02 12:50:00+05:30,BUY,2482.0,0.0
2024-12-02 13:10:00+05:30,SELL,2465.0,-530.0
2024-12-03 11:55:00+05:30,BUY,2481.0,0.0
2024-12-03 15:15:00+05:30,SELL,2480.55,-33.5
2024-12-04 09:30:00+05:30,BUY,2484.5,0.0
2024-12-04 11:35:00+05:30,SELL,2491.5,190.0
2024-12-11 09:30:00+05:30,BUY,2400.8,0.0
2024-12-11 15:15:00+05:30,SELL,2402.45,29.5
2024-12-13 13:25:00+05:30,BUY,2371.0,0.0
2024-12-13 13:55:00+05:30,SELL,2386.15,434.5
2024-12-17 12:15:00+05:30,BUY,2364.15,0.0
2024-12-17 13:30:00+05:30,SELL,2364.5,-9.5
2024-12-17 13:35:00+05:30,BUY,2369.15,0.0
2024-12-17 15:15:00+05:30,SELL,2361.9,-237.5
2024-12-18 10:00:00+05:30,BUY,2372.3,0.0
2024-12-18 13:35:00+05:30,SELL,2360.3,-380.0
2024-12-20 11:25:00+05:30,BUY,2357.3,0.0
2024-12-20 15:15:00+05:30,SELL,2335.0,-689.0
2024-12-24 13:20:00+05:30,BUY,2349.1,0.0
2024-12-24 14:15:00+05:30,SELL,2334.35,-462.5
2024-12-27 10:20:00+05:30,BUY,2334.6,0.0
2024-12-27 12:20:00+05:30,SELL,2338.0,82.0
2024-12-27 12:45:00+05:30,BUY,2340.05,0.0
2024-12-27 14:20:00+05:30,SELL,2340.95,7.0
2024-12-31 10:15:00+05:30,BUY,2347.75,0.0
2024-12-31 15:15:00+05:30,SELL,2327.15,-638.0
